WellId,Well_ColId,Well_RowId,S,T,Z,C,area,centroid-0,centroid-1,max_intensity,mean_intensity,min_intensity,bbox-0,bbox-1,bbox-2,bbox-3
A1,1,1,0,0,0,0,60,6.1,502.3833333333333,8280.0,6962.966666666666,5055.0,3,498,11,509
A1,1,1,0,0,0,0,211,15.781990521327014,446.18483412322274,10855.0,7352.047393364929,4791.0,5,439,28,454
A1,1,1,0,0,0,0,138,12.217391304347826,867.9347826086956,5070.0,3789.2028985507245,2628.0,5,863,21,874
A1,1,1,0,0,0,0,122,13.147540983606557,768.5737704918033,5727.0,4274.819672131148,2832.0,8,760,19,779
A1,1,1,0,0,0,0,55,15.472727272727273,331.8545454545455,7838.0,6674.745454545455,4810.0,10,330,23,335
A1,1,1,0,0,0,0,176,17.948863636363637,834.9829545454545,4327.0,3204.6704545454545,1977.0,9,829,28,842
A1,1,1,0,0,0,0,108,16.84259259259259,554.6851851851852,5641.0,4651.361111111111,3546.0,10,550,25,560
A1,1,1,0,0,0,0,48,14.145833333333334,374.3125,8726.0,7472.9375,5790.0,11,369,18,380
A1,1,1,0,0,0,0,97,21.329896907216494,468.1443298969072,6704.0,4747.422680412371,3291.0,17,460,26,477
A1,1,1,0,0,0,0,211,31.61137440758294,732.4218009478673,3241.0,2562.165876777251,1888.0,24,725,41,742
A1,1,1,0,0,0,0,183,33.333333333333336,172.97814207650273,7307.0,6042.508196721312,4182.0,24,167,44,180
A1,1,1,0,0,0,0,92,31.706521739130434,603.8804347826087,8482.0,6504.79347826087,4453.0,27,598,38,610
A1,1,1,0,0,0,0,84,31.38095238095238,845.8452380952381,8032.0,5248.738095238095,3723.0,27,841,38,852
A1,1,1,0,0,0,0,75,32.96,71.72,6687.0,5849.12,4847.0,29,67,38,78
A1,1,1,0,0,0,0,145,38.42758620689655,542.9586206896552,4302.0,3589.958620689655,2556.0,31,537,46,550
A1,1,1,0,0,0,0,109,37.88073394495413,705.6880733944954,5032.0,4306.128440366972,3101.0,31,701,46,711
A1,1,1,0,0,0,0,77,41.22077922077922,965.1428571428571,6233.0,5126.025974025974,3617.0,36,961,48,970
A1,1,1,0,0,0,0,45,40.55555555555556,198.6,8383.0,7399.222222222223,6446.0,38,194,44,205
A1,1,1,0,0,0,0,59,44.3728813559322,76.16949152542372,7823.0,6750.440677966101,5408.0,40,72,50,82
A1,1,1,0,0,0,0,65,45.66153846153846,386.5692307692308,7353.0,6352.338461538461,5219.0,41,383,52,391
A1,1,1,0,0,0,0,181,46.005524861878456,887.5690607734807,6649.0,5567.403314917127,3850.0,40,879,53,898
A1,1,1,0,0,0,0,86,48.63953488372093,663.7790697674419,8346.0,5329.779069767442,3414.0,43,659,56,668
A1,1,1,0,0,0,0,129,51.44186046511628,939.6899224806201,4890.0,3774.4883720930234,2628.0,44,934,60,946
A1,1,1,0,0,0,0,39,48.333333333333336,218.30769230769232,9154.0,8286.76923076923,7349.0,45,215,52,223
A1,1,1,0,0,0,0,60,51.03333333333333,308.1666666666667,8614.0,7256.433333333333,5692.0,46,304,57,313
A1,1,1,0,0,0,0,67,51.43283582089552,317.6119402985075,8605.0,6856.805970149254,4735.0,46,315,58,322
A1,1,1,0,0,0,0,181,56.79558011049724,536.3370165745856,7724.0,5746.187845303867,3930.0,46,531,70,542
A1,1,1,0,0,0,0,128,51.1875,772.4453125,4935.0,3897.84375,2451.0,46,765,58,781
A1,1,1,0,0,0,0,138,57.18840579710145,97.93478260869566,9730.0,7625.275362318841,4568.0,49,93,66,104
A1,1,1,0,0,0,0,86,59.44186046511628,817.4069767441861,6481.0,5332.674418604651,3887.0,54,813,66,823
A1,1,1,0,0,0,0,120,65.225,765.775,4865.0,4180.283333333334,3033.0,59,760,73,772
A1,1,1,0,0,0,0,203,68.28571428571429,838.4630541871921,5153.0,3970.6847290640394,2903.0,59,831,78,848
A1,1,1,0,0,0,0,66,64.28787878787878,188.45454545454547,7609.0,6482.909090909091,5153.0,61,183,69,194
A1,1,1,0,0,0,0,135,67.4888888888889,614.4814814814815,7523.0,5641.518518518518,4355.0,61,607,75,623
A1,1,1,0,0,0,0,54,68.22222222222223,290.0,8238.0,6896.2962962962965,5072.0,65,286,73,295
A1,1,1,0,0,0,0,74,68.44594594594595,40.63513513513514,7329.0,6127.148648648648,4451.0,65,35,74,47
A1,1,1,0,0,0,0,115,71.49565217391304,275.39130434782606,10722.0,8278.678260869565,5339.0,65,270,79,282
A1,1,1,0,0,0,0,56,70.76785714285714,378.8392857142857,8965.0,7240.517857142857,5016.0,65,376,78,383
A1,1,1,0,0,0,0,116,74.93103448275862,729.8448275862069,7733.0,6033.663793103448,4568.0,69,724,82,737
A1,1,1,0,0,0,0,36,74.30555555555556,864.0277777777778,6207.0,5514.0,4791.0,70,861,79,868
A1,1,1,0,0,0,0,55,78.58181818181818,299.74545454545455,10440.0,8634.636363636364,6484.0,75,295,83,305
A1,1,1,0,0,0,0,52,83.73076923076923,45.73076923076923,9126.0,8112.25,6579.0,79,43,89,50
A1,1,1,0,0,0,0,130,84.53076923076924,411.9384615384615,5207.0,4006.9846153846156,2642.0,79,406,91,419
A1,1,1,0,0,0,0,89,84.92134831460675,13.584269662921349,7369.0,6202.202247191011,4500.0,80,8,91,20
A1,1,1,0,0,0,0,82,85.86585365853658,186.9268292682927,11304.0,9868.512195121952,8032.0,80,182,92,193
A1,1,1,0,0,0,0,106,87.39622641509433,964.7264150943396,5215.0,4197.481132075472,2912.0,81,959,95,971
A1,1,1,0,0,0,0,47,90.31914893617021,102.29787234042553,11327.0,9058.68085106383,6679.0,86,99,96,106
A1,1,1,0,0,0,0,105,88.44761904761904,647.447619047619,6595.0,4861.8761904761905,3076.0,85,638,94,657
A1,1,1,0,0,0,0,60,91.53333333333333,270.6,8505.0,6929.85,5122.0,86,268,99,275
A1,1,1,0,0,0,0,216,96.14351851851852,737.2083333333334,4663.0,3567.2824074074074,2787.0,88,728,105,747
A1,1,1,0,0,0,0,51,96.66666666666667,465.72549019607845,8399.0,6521.156862745098,5092.0,93,462,101,471
A1,1,1,0,0,0,0,62,99.54838709677419,347.69354838709677,9458.0,8075.112903225807,5905.0,93,345,107,351
A1,1,1,0,0,0,0,70,101.15714285714286,246.54285714285714,12302.0,10749.457142857143,7873.0,95,242,108,253
A1,1,1,0,0,0,0,166,102.32530120481928,677.210843373494,4805.0,3935.0,3046.0,96,670,110,685
A1,1,1,0,0,0,0,77,101.94805194805195,388.27272727272725,6846.0,5643.467532467533,4703.0,97,384,108,393
A1,1,1,0,0,0,0,115,104.4695652173913,950.3826086956522,7475.0,5181.973913043478,3399.0,100,943,110,958
A1,1,1,0,0,0,0,61,106.65573770491804,455.5245901639344,8622.0,7610.836065573771,6204.0,101,452,113,461
A1,1,1,0,0,0,0,52,108.8076923076923,51.80769230769231,8834.0,7891.2307692307695,5783.0,105,48,114,57
A1,1,1,0,0,0,0,97,111.3917525773196,665.2886597938144,3736.0,3114.226804123711,2481.0,106,660,118,672
A1,1,1,0,0,0,0,79,112.58227848101266,13.0,8150.0,6510.860759493671,4077.0,108,7,118,20
A1,1,1,0,0,0,0,77,113.75324675324676,73.54545454545455,7932.0,6311.350649350649,4734.0,109,69,120,79
A1,1,1,0,0,0,0,101,114.24752475247524,438.38613861386136,6043.0,4724.217821782178,3701.0,109,432,120,445
A1,1,1,0,0,0,0,87,115.04597701149426,599.448275862069,7496.0,5550.64367816092,4079.0,109,595,122,605
A1,1,1,0,0,0,0,133,118.15037593984962,569.2781954887218,9511.0,7414.932330827068,5240.0,110,564,127,575
A1,1,1,0,0,0,0,88,117.67045454545455,417.09090909090907,7069.0,5754.409090909091,3722.0,111,413,125,422
A1,1,1,0,0,0,0,83,120.04819277108433,950.4939759036145,7279.0,6119.313253012048,4447.0,115,945,126,957
A1,1,1,0,0,0,0,32,121.875,854.5,7530.0,6774.84375,5405.0,118,852,127,858
A1,1,1,0,0,0,0,113,125.4424778761062,344.6371681415929,7295.0,5103.300884955752,3735.0,119,339,132,352
A1,1,1,0,0,0,0,77,126.8051948051948,886.8181818181819,5861.0,4995.025974025974,4204.0,121,882,134,892
A1,1,1,0,0,0,0,90,127.63333333333334,900.3555555555556,7897.0,6513.677777777778,4507.0,121,896,135,905
A1,1,1,0,0,0,0,51,127.2156862745098,472.5098039215686,7669.0,6628.117647058823,5577.0,124,468,131,478
A1,1,1,0,0,0,0,79,132.49367088607596,83.81012658227849,8751.0,6662.645569620253,4581.0,126,81,140,88
A1,1,1,0,0,0,0,48,133.27083333333334,411.9791666666667,9973.0,8365.458333333334,6164.0,130,408,138,417
A1,1,1,0,0,0,0,29,135.48275862068965,275.2068965517241,8476.0,7406.827586206897,6074.0,132,272,140,279
A1,1,1,0,0,0,0,49,135.77551020408163,483.0204081632653,8570.0,7311.530612244898,5964.0,133,478,140,488
A1,1,1,0,0,0,0,144,143.10416666666666,765.7777777777778,9402.0,7171.229166666667,5087.0,134,759,152,774
A1,1,1,0,0,0,0,155,144.18064516129033,51.84516129032258,7953.0,6781.432258064516,5736.0,137,44,152,61
A1,1,1,0,0,0,0,30,141.03333333333333,144.53333333333333,14139.0,10714.766666666666,8198.0,138,141,145,148
A1,1,1,0,0,0,0,78,143.10256410256412,829.6538461538462,4567.0,4073.346153846154,3215.0,137,826,150,835
A1,1,1,0,0,0,0,170,143.69411764705882,682.8705882352941,4126.0,3060.529411764706,1830.0,138,673,150,692
A1,1,1,0,0,0,0,73,143.21917808219177,583.7671232876712,7349.0,6157.273972602739,3551.0,139,579,149,590
A1,1,1,0,0,0,0,66,142.78787878787878,801.8333333333334,9184.0,7393.893939393939,5402.0,140,794,147,812
A1,1,1,0,0,0,0,102,148.2843137254902,382.9019607843137,6957.0,5599.598039215686,3588.0,141,378,157,388
A1,1,1,0,0,0,0,74,147.24324324324326,367.1756756756757,6737.0,5642.135135135135,3882.0,142,364,154,373
A1,1,1,0,0,0,0,185,153.69189189189188,621.8594594594595,12846.0,6872.351351351352,3567.0,148,609,161,634
A1,1,1,0,0,0,0,113,153.79646017699116,502.8053097345133,14358.0,9959.575221238938,6923.0,149,496,160,511
A1,1,1,0,0,0,0,66,154.62121212121212,163.62121212121212,10931.0,8972.681818181818,6839.0,150,158,160,170
A1,1,1,0,0,0,0,26,154.34615384615384,185.46153846153845,10907.0,9589.423076923076,8117.0,152,183,158,189
A1,1,1,0,0,0,0,91,158.8021978021978,25.703296703296704,6086.0,5204.197802197802,4135.0,154,19,165,34
A1,1,1,0,0,0,0,86,159.54651162790697,532.6279069767442,5147.0,4435.953488372093,3713.0,154,526,166,540
A1,1,1,0,0,0,0,62,161.29032258064515,341.0483870967742,8440.0,6759.967741935484,5313.0,155,338,168,345
A1,1,1,0,0,0,0,57,166.0701754385965,240.68421052631578,8343.0,6814.368421052632,5480.0,162,236,170,246
A1,1,1,0,0,0,0,64,166.890625,147.375,10285.0,7732.953125,5316.0,163,143,172,153
A1,1,1,0,0,0,0,60,166.51666666666668,224.25,8826.0,7149.533333333334,5031.0,163,220,171,230
A1,1,1,0,0,0,0,144,170.59027777777777,657.4652777777778,4652.0,3538.277777777778,2393.0,165,650,177,666
A1,1,1,0,0,0,0,108,176.03703703703704,734.2129629629629,5361.0,4209.111111111111,2923.0,171,727,182,742
A1,1,1,0,0,0,0,208,180.85576923076923,700.1634615384615,6625.0,4896.745192307692,3353.0,174,691,189,710
A1,1,1,0,0,0,0,106,184.71698113207546,544.5,13334.0,9463.575471698114,5665.0,178,540,193,551
A1,1,1,0,0,0,0,198,186.58080808080808,164.62626262626262,7716.0,5633.19696969697,3674.0,178,156,198,173
A1,1,1,0,0,0,0,98,182.12244897959184,680.1122448979592,5641.0,4624.857142857143,3778.0,178,674,188,688
A1,1,1,0,0,0,0,84,184.58333333333334,380.67857142857144,6784.0,5664.059523809524,4425.0,180,374,191,388
A1,1,1,0,0,0,0,76,184.32894736842104,960.8552631578947,8808.0,7422.710526315789,6369.0,180,955,190,968
A1,1,1,0,0,0,0,113,184.5929203539823,221.76991150442478,10153.0,8621.0,6403.0,181,213,189,232
A1,1,1,0,0,0,0,129,185.96899224806202,482.2325581395349,5476.0,4059.3953488372094,2064.0,181,475,192,491
A1,1,1,0,0,0,0,74,189.52702702702703,182.74324324324326,7911.0,6653.5,5011.0,184,179,196,187
A1,1,1,0,0,0,0,47,188.48936170212767,247.68085106382978,7919.0,6911.106382978724,5538.0,186,243,193,254
A1,1,1,0,0,0,0,87,198.88505747126436,46.91954022988506,7004.0,5665.609195402299,3845.0,192,42,206,52
A1,1,1,0,0,0,0,93,199.55913978494624,516.8709677419355,5554.0,4527.548387096775,3548.0,194,512,207,523
A1,1,1,0,0,0,0,75,200.38666666666666,444.05333333333334,7931.0,6104.293333333333,3943.0,196,439,206,450
A1,1,1,0,0,0,0,147,205.57142857142858,241.14965986394557,8361.0,6668.9455782312925,4679.0,200,233,212,250
A1,1,1,0,0,0,0,125,204.528,727.672,4837.0,3966.56,2709.0,200,720,211,736
A1,1,1,0,0,0,0,71,209.4788732394366,273.3521126760563,12319.0,10485.084507042253,8826.0,201,267,219,282
A1,1,1,0,0,0,0,76,206.3421052631579,638.1315789473684,8321.0,6373.723684210527,3597.0,201,634,212,643
A1,1,1,0,0,0,0,104,208.03846153846155,415.5769230769231,10286.0,7942.6057692307695,6067.0,204,408,213,424
A1,1,1,0,0,0,0,87,209.8505747126437,114.4367816091954,7768.0,6231.091954022989,4896.0,205,108,215,121
A1,1,1,0,0,0,0,50,208.12,361.6,9173.0,7471.52,5420.0,205,357,212,368
A1,1,1,0,0,0,0,92,210.8913043478261,22.967391304347824,12240.0,10469.25,7467.0,206,16,218,29
A1,1,1,0,0,0,0,129,214.43410852713177,437.5968992248062,9685.0,6846.860465116279,4173.0,209,430,220,446
A1,1,1,0,0,0,0,131,221.25954198473283,174.206106870229,10633.0,8113.076335877862,6142.0,216,167,227,183
A1,1,1,0,0,0,0,78,223.46153846153845,494.88461538461536,8048.0,6660.102564102564,5042.0,218,489,229,502
A1,1,1,0,0,0,0,154,227.45454545454547,654.5909090909091,8416.0,6338.62987012987,4457.0,219,649,237,661
A1,1,1,0,0,0,0,65,221.7076923076923,797.2153846153847,10254.0,7459.584615384615,4534.0,219,791,226,804
A1,1,1,0,0,0,0,117,227.8034188034188,605.8974358974359,5308.0,4130.384615384615,3148.0,222,600,235,612
A1,1,1,0,0,0,0,111,231.64864864864865,296.1801801801802,16325.0,9620.792792792792,5568.0,224,291,241,301
A1,1,1,0,0,0,0,107,232.80373831775702,884.1775700934579,8544.0,6680.084112149532,4318.0,228,877,239,892
A1,1,1,0,0,0,0,90,235.4777777777778,716.0888888888888,5875.0,4778.977777777778,3505.0,231,708,240,726
A1,1,1,0,0,0,0,106,237.37735849056602,673.7264150943396,10824.0,8806.537735849057,6895.0,232,668,243,681
A1,1,1,0,0,0,0,133,241.54135338345864,420.09774436090225,8262.0,5872.684210526316,3722.0,233,415,251,426
A1,1,1,0,0,0,0,91,240.12087912087912,384.85714285714283,11919.0,10133.263736263736,7812.0,236,378,246,393
A1,1,1,0,0,0,0,74,238.6891891891892,951.1216216216217,7435.0,6051.972972972973,4062.0,235,946,244,958
A1,1,1,0,0,0,0,165,246.56363636363636,131.64848484848486,14304.0,9317.787878787878,4918.0,237,125,258,140
A1,1,1,0,0,0,0,62,240.79032258064515,206.82258064516128,5395.0,4678.064516129032,3260.0,237,201,245,214
A1,1,1,0,0,0,0,88,241.35227272727272,929.2727272727273,6168.0,5217.75,3598.0,237,922,246,938
A1,1,1,0,0,0,0,87,243.73563218390805,327.1034482758621,7527.0,5449.3218390804595,3251.0,238,323,250,333
A1,1,1,0,0,0,0,128,246.3203125,759.25,10924.0,7488.71875,3512.0,240,752,255,766
A1,1,1,0,0,0,0,114,248.66666666666666,868.5701754385965,5162.0,4336.815789473684,3469.0,242,864,256,875
A1,1,1,0,0,0,0,288,255.84722222222223,285.4583333333333,6556.0,5105.868055555556,3574.0,245,278,268,294
A1,1,1,0,0,0,0,119,251.9579831932773,892.8403361344538,7427.0,4413.924369747899,1820.0,247,886,258,901
A1,1,1,0,0,0,0,104,252.39423076923077,29.365384615384617,5987.0,5081.375,3511.0,248,22,257,38
A1,1,1,0,0,0,0,65,252.04615384615386,151.04615384615386,8397.0,6826.892307692307,4868.0,248,145,257,157
A1,1,1,0,0,0,0,118,255.42372881355934,808.6101694915254,5800.0,4311.440677966101,2818.0,251,801,261,818
A1,1,1,0,0,0,0,203,260.32512315270935,305.2463054187192,8036.0,6614.532019704434,4016.0,252,298,271,314
A1,1,1,0,0,0,0,131,257.4732824427481,550.6793893129772,9489.0,7660.580152671756,5865.0,252,543,263,560
A1,1,1,0,0,0,0,233,265.84120171673817,443.3905579399142,6381.0,4733.751072961373,2882.0,255,438,279,450
A1,1,1,0,0,0,0,88,261.1136363636364,490.35227272727275,8742.0,6634.090909090909,4543.0,257,484,267,497
A1,1,1,0,0,0,0,80,262.4375,634.1,6432.0,5497.0875,4361.0,256,631,270,639
A1,1,1,0,0,0,0,67,263.3731343283582,720.6119402985074,7475.0,6321.7164179104475,4668.0,259,716,269,727
A1,1,1,0,0,0,0,142,270.9225352112676,326.4154929577465,9311.0,7521.619718309859,4948.0,262,321,280,333
A1,1,1,0,0,0,0,190,269.79473684210524,373.0473684210526,9143.0,6504.515789473684,3289.0,261,363,279,381
A1,1,1,0,0,0,0,74,271.7837837837838,454.6216216216216,8008.0,6550.756756756757,4597.0,266,451,278,459
A1,1,1,0,0,0,0,80,272.0,201.2375,9116.0,7090.3375,5215.0,268,196,278,208
A1,1,1,0,0,0,0,92,273.69565217391306,758.6195652173913,7591.0,6079.25,4000.0,269,753,280,766
A1,1,1,0,0,0,0,90,276.06666666666666,385.1333333333333,7389.0,5975.055555555556,4589.0,270,380,283,391
A1,1,1,0,0,0,0,72,283.2916666666667,430.375,8611.0,6471.75,4271.0,276,428,292,434
A1,1,1,0,0,0,0,65,279.55384615384617,710.8615384615384,7189.0,6284.246153846154,5175.0,276,704,285,718
A1,1,1,0,0,0,0,122,280.28688524590166,34.69672131147541,9931.0,8067.672131147541,6011.0,276,26,286,44
A1,1,1,0,0,0,0,40,281.625,411.75,10374.0,8712.85,6339.0,276,410,287,415
A1,1,1,0,0,0,0,41,284.2439024390244,759.9268292682926,7619.0,6809.0,6071.0,280,754,290,765
A1,1,1,0,0,0,0,134,286.9776119402985,927.0820895522388,4735.0,3778.2985074626868,2748.0,279,922,296,934
A1,1,1,0,0,0,0,73,292.82191780821915,587.068493150685,7512.0,6226.643835616438,4899.0,286,584,301,591
A1,1,1,0,0,0,0,64,295.46875,633.953125,8272.0,6683.078125,5100.0,290,630,302,638
A1,1,1,0,0,0,0,145,298.6,252.0,6819.0,5269.262068965517,3688.0,290,246,308,259
A1,1,1,0,0,0,0,144,295.625,480.0486111111111,5562.0,4417.375,2459.0,290,473,302,489
A1,1,1,0,0,0,0,83,294.5542168674699,962.8313253012049,6585.0,5659.9277108433735,4592.0,290,957,300,970
A1,1,1,0,0,0,0,119,297.15966386554624,506.79831932773106,6336.0,4615.361344537815,2892.0,291,501,304,514
A1,1,1,0,0,0,0,151,297.1920529801325,203.66225165562915,8325.0,6714.543046357616,4236.0,292,194,304,215
A1,1,1,0,0,0,0,127,299.09448818897636,340.8582677165354,5591.0,4325.645669291339,2911.0,294,334,306,348
A1,1,1,0,0,0,0,102,301.3627450980392,297.52941176470586,7184.0,5243.225490196079,3416.0,296,291,308,306
A1,1,1,0,0,0,0,78,304.06410256410254,104.7948717948718,8159.0,6639.7307692307695,4364.0,300,100,309,111
A1,1,1,0,0,0,0,180,306.7388888888889,712.0555555555555,9766.0,6863.111111111111,5022.0,300,704,315,721
A1,1,1,0,0,0,0,192,315.3125,616.7291666666666,8254.0,6080.822916666667,4254.0,306,610,325,624
A1,1,1,0,0,0,0,351,318.1025641025641,833.1282051282051,5148.0,3870.3732193732194,2468.0,306,823,331,844
A1,1,1,0,0,0,0,40,312.725,47.375,12422.0,10319.65,7279.0,308,44,317,53
A1,1,1,0,0,0,0,153,318.5947712418301,895.3006535947712,4572.0,3742.3856209150326,2875.0,312,888,326,905
A1,1,1,0,0,0,0,50,317.88,351.78,10145.0,8040.34,4684.0,314,348,323,356
A1,1,1,0,0,0,0,105,325.14285714285717,44.114285714285714,7661.0,6051.619047619048,4071.0,320,37,331,51
A1,1,1,0,0,0,0,135,333.14814814814815,561.6222222222223,8984.0,7022.311111111111,5203.0,326,557,342,567
A1,1,1,0,0,0,0,123,330.7235772357724,467.5772357723577,9707.0,8207.764227642276,5554.0,326,459,336,477
A1,1,1,0,0,0,0,87,333.1954022988506,808.3678160919541,10420.0,8293.12643678161,6258.0,326,804,341,813
A1,1,1,0,0,0,0,74,332.05405405405406,194.48648648648648,12544.0,10476.72972972973,8684.0,328,189,337,201
A1,1,1,0,0,0,0,126,333.7063492063492,270.484126984127,6349.0,4678.0,2278.0,330,261,339,281
A1,1,1,0,0,0,0,47,338.59574468085106,356.4468085106383,11976.0,7993.063829787234,4919.0,335,353,343,361
A1,1,1,0,0,0,0,193,340.78756476683935,588.7150259067357,9393.0,6109.124352331606,2165.0,334,581,349,598
A1,1,1,0,0,0,0,85,343.8941176470588,49.11764705882353,7592.0,6470.105882352941,4992.0,339,44,350,55
A1,1,1,0,0,0,0,84,346.20238095238096,725.6190476190476,8132.0,6210.702380952381,3962.0,342,720,351,732
A1,1,1,0,0,0,0,76,349.86842105263156,240.75,7368.0,5669.973684210527,4292.0,342,238,359,245
A1,1,1,0,0,0,0,134,346.6641791044776,649.8283582089553,9770.0,7870.820895522388,4922.0,342,641,352,660
A1,1,1,0,0,0,0,82,350.6463414634146,471.4024390243902,7299.0,6121.5609756097565,4735.0,346,465,356,479
A1,1,1,0,0,0,0,86,358.8837209302326,57.06976744186046,9083.0,7847.3488372093025,6250.0,354,50,364,64
A1,1,1,0,0,0,0,126,361.24603174603175,293.6507936507937,12428.0,8222.912698412698,4530.0,355,287,368,300
A1,1,1,0,0,0,0,62,363.0806451612903,412.2258064516129,9743.0,7603.725806451613,5727.0,359,408,369,418
A1,1,1,0,0,0,0,97,368.77319587628864,513.8041237113403,7455.0,5393.4639175257735,4213.0,362,508,376,520
A1,1,1,0,0,0,0,74,371.6756756756757,838.7432432432432,9413.0,7064.716216216216,4551.0,367,835,378,844
A1,1,1,0,0,0,0,95,373.4736842105263,260.3157894736842,7723.0,6067.252631578947,3265.0,368,256,380,267
A1,1,1,0,0,0,0,94,375.25531914893617,853.8617021276596,8117.0,6148.478723404255,4741.0,369,850,383,859
A1,1,1,0,0,0,0,124,381.0725806451613,269.1693548387097,5797.0,4217.556451612903,2691.0,374,263,389,276
A1,1,1,0,0,0,0,62,379.43548387096774,401.56451612903226,9798.0,7865.080645161291,5535.0,374,398,385,406
A1,1,1,0,0,0,0,167,379.76646706586826,580.1437125748503,6419.0,4052.083832335329,2575.0,375,570,386,592
A1,1,1,0,0,0,0,80,380.175,764.1125,8096.0,6513.6375,4993.0,374,760,388,769
A1,1,1,0,0,0,0,119,382.2268907563025,961.3949579831933,6475.0,5007.857142857143,3771.0,375,956,391,968
A1,1,1,0,0,0,0,98,387.98979591836735,19.989795918367346,6716.0,5265.581632653061,3604.0,380,16,397,25
A1,1,1,0,0,0,0,57,392.56140350877195,94.6842105263158,10444.0,9177.982456140351,7305.0,388,91,398,99
A1,1,1,0,0,0,0,158,392.0379746835443,856.5443037974684,8588.0,6925.462025316456,4798.0,387,847,398,867
A1,1,1,0,0,0,0,62,394.7258064516129,386.19354838709677,8737.0,7013.290322580645,4612.0,389,383,402,390
A1,1,1,0,0,0,0,177,396.08474576271186,569.3107344632768,7831.0,5881.062146892656,3976.0,389,561,403,578
A1,1,1,0,0,0,0,90,398.7,299.05555555555554,7607.0,6004.633333333333,4822.0,393,294,405,305
A1,1,1,0,0,0,0,172,402.9186046511628,222.20348837209303,5560.0,4020.9883720930234,2501.0,397,211,410,231
A1,1,1,0,0,0,0,39,403.64102564102564,494.71794871794873,11480.0,8594.384615384615,5789.0,400,491,408,498
A1,1,1,0,0,0,0,55,403.45454545454544,778.7454545454545,8276.0,6787.472727272727,5858.0,400,775,409,783
A1,1,1,0,0,0,0,82,406.0731707317073,434.1219512195122,8070.0,6613.219512195122,5426.0,402,429,411,440
A1,1,1,0,0,0,0,137,410.02919708029196,247.5985401459854,5328.0,4385.240875912409,3209.0,404,240,417,256
A1,1,1,0,0,0,0,81,409.01234567901236,73.74074074074075,8388.0,6792.481481481482,4830.0,406,67,414,82
A1,1,1,0,0,0,0,155,412.63870967741934,519.8903225806451,9590.0,7572.258064516129,6028.0,407,512,420,528
A1,1,1,0,0,0,0,170,413.97058823529414,944.0764705882353,8368.0,6880.382352941177,4565.0,407,935,421,953
A1,1,1,0,0,0,0,137,416.6350364963504,742.1240875912408,6895.0,5092.226277372263,3106.0,409,736,425,749
A1,1,1,0,0,0,0,41,416.2682926829268,478.2682926829268,3487.0,2252.560975609756,1534.0,413,473,422,484
A1,1,1,0,0,0,0,81,420.91358024691357,107.27160493827161,8870.0,6908.456790123457,4356.0,415,103,427,113
A1,1,1,0,0,0,0,139,421.63309352517985,587.5323741007194,6857.0,5000.503597122302,2643.0,416,580,428,596
A1,1,1,0,0,0,0,124,425.241935483871,732.2741935483871,5876.0,4462.120967741936,2820.0,419,726,433,740
A1,1,1,0,0,0,0,150,427.61333333333334,439.5466666666667,5486.0,4224.133333333333,2888.0,420,432,437,447
A1,1,1,0,0,0,0,113,426.07964601769913,55.51327433628319,6786.0,5696.6814159292035,4187.0,421,49,432,63
A1,1,1,0,0,0,0,85,429.21176470588233,306.5529411764706,7814.0,6505.094117647059,4899.0,423,300,435,313
A1,1,1,0,0,0,0,94,433.4574468085106,970.6914893617021,7846.0,6198.393617021276,4785.0,427,966,441,976
A1,1,1,0,0,0,0,90,432.6222222222222,391.47777777777776,7406.0,6080.688888888889,4133.0,427,386,439,398
A1,1,1,0,0,0,0,61,435.672131147541,902.016393442623,9708.0,8759.72131147541,7439.0,431,897,441,908
A1,1,1,0,0,0,0,150,437.00666666666666,79.64,9586.0,6903.3533333333335,4849.0,433,70,444,90
A1,1,1,0,0,0,0,138,442.3333333333333,37.44202898550725,5811.0,4431.920289855072,3094.0,436,30,449,45
A1,1,1,0,0,0,0,88,442.59090909090907,129.92045454545453,7920.0,6234.318181818182,4028.0,439,124,447,138
A1,1,1,0,0,0,0,70,443.5571428571429,859.9857142857143,11767.0,10383.4,8541.0,439,856,449,865
A1,1,1,0,0,0,0,113,447.49557522123894,443.42477876106193,6208.0,4821.283185840708,2768.0,441,437,454,451
A1,1,1,0,0,0,0,207,452.77294685990336,185.85507246376812,6956.0,5748.555555555556,4450.0,443,179,463,193
A1,1,1,0,0,0,0,92,452.0978260869565,101.47826086956522,7914.0,5940.554347826087,3645.0,448,94,456,110
A1,1,1,0,0,0,0,70,453.24285714285713,652.6571428571428,9226.0,7639.457142857143,5796.0,448,648,459,657
A1,1,1,0,0,0,0,138,456.3188405797101,141.80434782608697,5221.0,4258.95652173913,3077.0,451,134,463,152
A1,1,1,0,0,0,0,129,457.3410852713178,701.4651162790698,5924.0,4516.131782945737,1908.0,451,695,465,709
A1,1,1,0,0,0,0,87,460.5402298850575,641.4367816091954,7518.0,5868.540229885058,4190.0,454,637,468,646
A1,1,1,0,0,0,0,240,463.10833333333335,771.5083333333333,6099.0,4529.308333333333,3238.0,455,762,472,783
A1,1,1,0,0,0,0,50,459.44,384.74,11080.0,9692.26,7815.0,456,380,463,390
A1,1,1,0,0,0,0,70,463.0857142857143,17.485714285714284,9609.0,7639.814285714286,4831.0,458,13,469,23
A1,1,1,0,0,0,0,211,472.2701421800948,560.654028436019,5117.0,3678.6635071090045,2492.0,465,551,481,571
A1,1,1,0,0,0,0,162,477.55555555555554,261.8641975308642,5687.0,3618.203703703704,2130.0,467,256,488,269
A1,1,1,0,0,0,0,181,480.7790055248619,824.3977900552486,10480.0,6976.546961325967,3470.0,472,818,491,831
A1,1,1,0,0,0,0,151,478.18543046357615,474.6622516556291,6054.0,4716.761589403974,3570.0,473,464,484,486
A1,1,1,0,0,0,0,194,481.5927835051546,606.6649484536083,5427.0,4036.1649484536083,2437.0,473,598,491,616
A1,1,1,0,0,0,0,104,480.2019230769231,224.60576923076923,7210.0,5693.442307692308,4562.0,474,219,486,232
A1,1,1,0,0,0,0,221,487.1674208144796,409.9095022624434,11277.0,8518.447963800905,6002.0,480,397,495,421
A1,1,1,0,0,0,0,148,486.2905405405405,845.3783783783783,13164.0,9269.385135135135,6066.0,479,839,495,852
A1,1,1,0,0,0,0,176,488.6875,541.5852272727273,4753.0,3589.4147727272725,2296.0,481,534,497,550
A1,1,1,0,0,0,0,141,486.31205673758865,680.6879432624113,6897.0,4631.815602836879,3172.0,482,671,491,691
A1,1,1,0,0,0,0,181,489.8563535911602,881.1160220994475,8518.0,7108.889502762431,5788.0,482,874,498,889
A1,1,1,0,0,0,0,79,490.5822784810127,935.4556962025316,9710.0,7709.7594936708865,5817.0,483,933,499,939
A1,1,1,0,0,0,0,85,488.61176470588236,957.6470588235294,7821.0,6699.635294117647,4860.0,484,951,493,965
A1,1,1,0,0,0,0,182,494.3626373626374,900.1978021978022,8653.0,6521.236263736264,4419.0,485,893,504,908
A1,1,1,0,0,0,0,89,489.8314606741573,205.1123595505618,7638.0,6239.4157303370785,4306.0,486,199,495,212
A1,1,1,0,0,0,0,171,498.12865497076024,54.111111111111114,7884.0,6508.3859649122805,5477.0,490,47,507,63
A1,1,1,0,0,0,0,232,499.25431034482756,159.91810344827587,13042.0,8156.939655172414,4254.0,491,148,506,172
A1,1,1,0,0,0,0,130,499.18461538461537,350.23846153846154,8604.0,5627.846153846154,2207.0,494,340,505,361
A1,1,1,0,0,0,0,221,506.28506787330315,764.8506787330317,8052.0,5526.628959276018,2581.0,500,754,513,777
A1,1,1,0,0,0,0,152,507.2105263157895,442.55263157894734,5958.0,4665.809210526316,3153.0,502,434,513,453
A1,1,1,0,0,0,0,149,509.8724832214765,948.5369127516778,5060.0,4190.140939597315,2920.0,504,940,516,959
A1,1,1,0,0,0,0,196,515.6938775510204,550.280612244898,3916.0,3133.4285714285716,2179.0,508,542,525,560
A1,1,1,0,0,0,0,145,517.9310344827586,24.675862068965518,9788.0,8106.310344827586,6268.0,510,19,527,31
A1,1,1,0,0,0,0,107,524.9532710280374,479.2616822429907,7547.0,5564.626168224299,3869.0,519,474,531,486
A1,1,1,0,0,0,0,125,533.088,224.208,5498.0,4571.736,3627.0,529,215,538,234
A1,1,1,0,0,0,0,109,539.1192660550458,337.1192660550459,7024.0,5614.082568807339,4052.0,533,332,547,343
A1,1,1,0,0,0,0,58,536.3965517241379,103.60344827586206,7879.0,5593.241379310345,3821.0,534,97,540,111
A1,1,1,0,0,0,0,90,541.1222222222223,267.02222222222224,8381.0,6601.666666666667,4988.0,536,260,548,276
A1,1,1,0,0,0,0,79,542.4810126582279,117.44303797468355,5156.0,4224.784810126583,3135.0,537,113,548,124
A1,1,1,0,0,0,0,164,542.4878048780488,961.1951219512196,5217.0,3663.2256097560976,2284.0,537,951,549,972
A1,1,1,0,0,0,0,76,555.1447368421053,86.9342105263158,6808.0,5486.934210526316,4041.0,549,83,563,92
A1,1,1,0,0,0,0,138,554.1884057971015,460.92753623188406,6692.0,5089.521739130435,3590.0,549,453,561,470
A1,1,1,0,0,0,0,204,560.2892156862745,772.0196078431372,7813.0,6392.725490196079,4219.0,554,763,568,782
A1,1,1,0,0,0,0,97,557.5979381443299,202.2164948453608,7958.0,5181.350515463918,3584.0,554,194,564,213
A1,1,1,0,0,0,0,205,561.3414634146342,812.8585365853659,7632.0,6402.273170731707,5020.0,555,803,569,824
A1,1,1,0,0,0,0,296,567.1283783783783,623.706081081081,6395.0,4482.594594594595,3017.0,560,611,575,636
A1,1,1,0,0,0,0,91,568.4725274725274,495.6923076923077,7500.0,6197.3626373626375,4015.0,563,490,574,502
A1,1,1,0,0,0,0,48,568.2916666666666,341.1666666666667,11170.0,9182.895833333334,7659.0,564,338,573,346
A1,1,1,0,0,0,0,59,572.728813559322,301.7457627118644,11571.0,8770.42372881356,5865.0,567,297,580,307
A1,1,1,0,0,0,0,168,576.375,133.13690476190476,4719.0,4009.839285714286,3008.0,570,125,584,142
A1,1,1,0,0,0,0,105,575.2095238095238,545.4571428571429,7145.0,5507.6,3138.0,570,540,582,552
A1,1,1,0,0,0,0,164,578.469512195122,929.4939024390244,4893.0,3866.731707317073,2651.0,572,923,587,938
A1,1,1,0,0,0,0,71,576.169014084507,71.85915492957747,11260.0,8296.338028169013,5680.0,572,67,581,78
A1,1,1,0,0,0,0,41,574.560975609756,362.9756097560976,10039.0,8748.170731707318,7243.0,572,359,578,368
A1,1,1,0,0,0,0,46,576.3695652173913,448.54347826086956,11794.0,9402.608695652174,5743.0,573,445,581,453
A1,1,1,0,0,0,0,93,578.8172043010753,514.1397849462365,9085.0,6459.204301075269,4687.0,574,509,585,521
A1,1,1,0,0,0,0,78,582.8333333333334,465.84615384615387,8008.0,6717.910256410257,4998.0,577,462,590,471
A1,1,1,0,0,0,0,215,586.4279069767442,631.4093023255814,9690.0,5889.460465116279,3643.0,577,624,596,639
A1,1,1,0,0,0,0,121,582.7933884297521,745.3553719008264,6489.0,5089.338842975207,3644.0,577,739,589,753
A1,1,1,0,0,0,0,120,593.425,897.7333333333333,6414.0,5158.033333333334,3190.0,585,893,604,904
A1,1,1,0,0,0,0,66,593.4848484848485,343.90909090909093,9938.0,8278.242424242424,6007.0,589,339,599,350
A1,1,1,0,0,0,0,93,599.505376344086,815.5698924731183,7090.0,5541.05376344086,3138.0,593,810,606,823
A1,1,1,0,0,0,0,89,601.7191011235955,108.4494382022472,7592.0,6078.955056179775,3888.0,598,101,607,118
A1,1,1,0,0,0,0,92,606.1739130434783,309.04347826086956,8969.0,6624.347826086957,4488.0,598,306,615,314
A1,1,1,0,0,0,0,125,610.504,176.536,7561.0,5476.8,3819.0,603,171,619,182
A1,1,1,0,0,0,0,196,612.5357142857143,410.6173469387755,8646.0,6423.081632653061,4366.0,603,402,622,419
A1,1,1,0,0,0,0,92,607.054347826087,778.5652173913044,7752.0,6227.608695652174,4442.0,603,771,611,787
A1,1,1,0,0,0,0,133,611.0526315789474,230.45112781954887,13663.0,9742.842105263158,4396.0,604,222,622,239
A1,1,1,0,0,0,0,196,614.0051020408164,573.8112244897959,6226.0,4600.224489795918,2901.0,605,567,624,582
A1,1,1,0,0,0,0,107,611.7943925233645,465.32710280373834,6898.0,5472.77570093458,3822.0,607,459,618,472
A1,1,1,0,0,0,0,226,616.3141592920354,76.96902654867256,5987.0,4855.730088495575,3603.0,607,70,628,85
A1,1,1,0,0,0,0,65,612.876923076923,346.5230769230769,9725.0,7850.369230769231,5582.0,608,342,618,352
A1,1,1,0,0,0,0,141,616.9219858156029,921.8794326241135,5870.0,4695.09219858156,2682.0,610,916,625,929
A1,1,1,0,0,0,0,113,617.3362831858407,657.6106194690266,15513.0,11141.955752212389,6540.0,612,651,624,665
A1,1,1,0,0,0,0,96,618.5104166666666,485.9791666666667,7321.0,5873.6875,4401.0,615,478,623,494
A1,1,1,0,0,0,0,96,617.8020833333334,857.4583333333334,7089.0,5896.083333333333,4124.0,614,850,623,866
A1,1,1,0,0,0,0,77,629.987012987013,105.93506493506493,9826.0,8486.961038961039,6993.0,628,96,634,115
A1,1,1,0,0,0,0,211,635.1943127962086,495.60663507109007,6680.0,4462.748815165877,2811.0,628,487,643,506
A1,1,1,0,0,0,0,179,635.9385474860335,780.463687150838,8657.0,7026.2402234636875,5312.0,628,774,644,789
A1,1,1,0,0,0,0,90,638.7888888888889,115.53333333333333,6178.0,5306.944444444444,4406.0,634,109,643,123
A1,1,1,0,0,0,0,86,638.6162790697674,283.04651162790697,7959.0,6587.639534883721,5055.0,633,278,645,289
A1,1,1,0,0,0,0,107,640.8785046728972,149.77570093457945,6777.0,5573.0,4569.0,637,142,646,158
A1,1,1,0,0,0,0,188,648.2074468085107,600.0585106382979,6438.0,4030.409574468085,1886.0,637,594,659,608
A1,1,1,0,0,0,0,100,646.18,770.2,7384.0,6316.42,4459.0,641,764,652,777
A1,1,1,0,0,0,0,198,651.0353535353536,943.3737373737374,7567.0,5287.222222222223,3520.0,643,935,659,953
A1,1,1,0,0,0,0,128,651.515625,243.03125,6014.0,4993.25,3897.0,646,236,658,251
A1,1,1,0,0,0,0,215,657.8651162790698,223.33023255813953,9165.0,6099.158139534884,4162.0,650,214,668,232
A1,1,1,0,0,0,0,91,655.021978021978,713.1208791208791,8615.0,6295.7692307692305,4003.0,652,705,659,722
A1,1,1,0,0,0,0,115,673.4173913043478,35.63478260869565,7069.0,5666.026086956522,3765.0,668,29,679,44
A1,1,1,0,0,0,0,119,673.3613445378152,768.1764705882352,10953.0,8424.453781512606,6282.0,668,761,679,776
A1,1,1,0,0,0,0,113,684.9557522123894,200.91150442477877,8743.0,6761.0,4693.0,677,196,694,207
A1,1,1,0,0,0,0,123,690.1138211382114,265.739837398374,7301.0,5696.349593495935,3683.0,680,262,700,270
A1,1,1,0,0,0,0,101,689.8415841584158,331.25742574257424,7508.0,6321.940594059406,5099.0,683,327,698,336
A1,1,1,0,0,0,0,137,686.6788321167883,873.5766423357665,6094.0,4880.824817518248,3034.0,682,865,693,883
A1,1,1,0,0,0,0,90,687.4444444444445,184.82222222222222,9825.0,7307.155555555555,3986.0,683,178,693,193
A1,1,1,0,0,0,0,103,691.2621359223301,304.97087378640776,8121.0,5801.485436893204,4052.0,685,300,699,311
A1,1,1,0,0,0,0,104,694.3653846153846,668.875,9081.0,5483.490384615385,3120.0,685,665,703,673
A1,1,1,0,0,0,0,177,695.2485875706215,639.7457627118644,5126.0,3817.4576271186443,1727.0,687,632,704,649
A1,1,1,0,0,0,0,133,700.015037593985,728.3609022556391,10278.0,8050.466165413533,5647.0,695,720,706,737
A1,1,1,1,0,0,0,186,13.268817204301076,624.4139784946236,6610.0,4817.231182795699,3556.0,5,617,24,633
A1,1,1,1,0,0,0,271,20.645756457564577,731.8708487084871,5609.0,4069.3357933579337,2868.0,11,724,32,742
A1,1,1,1,0,0,0,82,34.31707317073171,111.6829268292683,6865.0,5980.085365853659,4852.0,25,107,44,117
A1,1,1,1,0,0,0,301,36.24916943521595,673.5083056478405,4533.0,3599.405315614618,2537.0,26,665,47,683
A1,1,1,1,0,0,0,212,35.325471698113205,749.8254716981132,4452.0,2689.8396226415093,1778.0,27,743,46,759
A1,1,1,1,0,0,0,93,34.924731182795696,17.473118279569892,6539.0,4417.301075268817,2922.0,31,8,39,26
A1,1,1,1,0,0,0,51,38.94117647058823,393.7843137254902,10298.0,7767.0,4666.0,34,390,45,398
A1,1,1,1,0,0,0,165,47.4969696969697,525.6909090909091,4757.0,3226.5333333333333,2146.0,41,517,55,537
A1,1,1,1,0,0,0,29,45.724137931034484,58.0,13614.0,9701.241379310344,4658.0,43,54,49,62
A1,1,1,1,0,0,0,176,62.88068181818182,602.7840909090909,7216.0,5671.857954545455,4186.0,56,595,71,612
A1,1,1,1,0,0,0,128,67.15625,645.34375,6759.0,4729.453125,3246.0,59,641,76,651
A1,1,1,1,0,0,0,70,64.08571428571429,90.1,8686.0,6056.771428571428,3950.0,60,83,69,97
A1,1,1,1,0,0,0,286,76.27622377622377,555.3391608391609,7779.0,4389.538461538462,2262.0,65,546,90,565
A1,1,1,1,0,0,0,230,83.90869565217392,539.4652173913043,6748.0,2976.8,2074.0,76,531,93,550
A1,1,1,1,0,0,0,79,88.0632911392405,388.9873417721519,6453.0,4564.430379746836,2896.0,79,381,98,395
A1,1,1,1,0,0,0,342,87.1608187134503,767.438596491228,5142.0,3385.8040935672516,2028.0,79,754,97,780
A1,1,1,1,0,0,0,173,93.73988439306359,127.95953757225433,4274.0,3361.676300578035,2498.0,87,119,100,138
A1,1,1,1,0,0,0,153,93.62091503267973,425.45098039215685,4446.0,3009.9346405228757,1794.0,88,417,101,434
A1,1,1,1,0,0,0,163,96.1840490797546,637.8098159509202,4991.0,4062.288343558282,3005.0,89,631,105,645
A1,1,1,1,0,0,0,101,103.48514851485149,943.7227722772277,7358.0,5696.980198019802,4075.0,97,937,111,952
A1,1,1,1,0,0,0,239,114.67364016736401,466.8702928870293,5504.0,4217.870292887029,3324.0,102,460,127,474
A1,1,1,1,0,0,0,211,113.90521327014218,506.3981042654028,5833.0,4402.1469194312795,3054.0,105,499,126,514
A1,1,1,1,0,0,0,173,120.67630057803468,157.04624277456648,4202.0,2793.6531791907514,1911.0,116,146,126,169
A1,1,1,1,0,0,0,227,124.27312775330397,584.5066079295154,4991.0,4017.3788546255505,2848.0,117,575,133,594
A1,1,1,1,0,0,0,96,128.71875,709.4375,7358.0,5039.145833333333,2746.0,121,702,138,716
A1,1,1,1,0,0,0,227,135.00440528634363,818.5154185022027,6980.0,4581.092511013216,2053.0,126,809,145,830
A1,1,1,1,0,0,0,218,146.76605504587155,414.57798165137615,4128.0,2367.3119266055046,1703.0,139,404,154,427
A1,1,1,1,0,0,0,141,145.12056737588654,643.4255319148937,4992.0,3898.6028368794327,2757.0,140,636,151,653
A1,1,1,1,0,0,0,126,152.94444444444446,689.1269841269841,6476.0,4704.285714285715,2934.0,147,682,160,698
A1,1,1,1,0,0,0,211,159.96208530805688,901.6635071090047,7495.0,4982.45971563981,3277.0,150,896,170,909
A1,1,1,1,0,0,0,107,159.81308411214954,76.1588785046729,6370.0,4821.289719626168,3091.0,151,71,171,82
A1,1,1,1,0,0,0,75,160.81333333333333,569.04,9106.0,5483.76,3244.0,156,564,167,574
A1,1,1,1,0,0,0,169,166.14201183431953,89.56213017751479,4483.0,3613.171597633136,1880.0,157,84,179,96
A1,1,1,1,0,0,0,86,160.67441860465115,210.03488372093022,5143.0,4450.279069767442,3538.0,157,197,166,223
A1,1,1,1,0,0,0,191,171.72251308900525,373.3612565445026,4346.0,3094.0418848167537,2185.0,164,365,181,383
A1,1,1,1,0,0,0,169,175.10650887573965,682.3136094674556,5295.0,4455.112426035503,3636.0,166,676,184,690
A1,1,1,1,0,0,0,204,180.57843137254903,907.8676470588235,7186.0,5220.612745098039,3495.0,170,901,190,916
A1,1,1,1,0,0,0,158,177.78481012658227,823.0886075949367,4491.0,3574.025316455696,2008.0,172,814,185,833
A1,1,1,1,0,0,0,97,180.08247422680412,575.7216494845361,6934.0,4624.762886597938,3330.0,175,570,186,583
A1,1,1,1,0,0,0,104,183.78846153846155,152.21153846153845,10463.0,7331.221153846154,4337.0,176,143,193,163
A1,1,1,1,0,0,0,143,189.66433566433565,741.027972027972,5742.0,3865.9300699300697,2868.0,182,735,197,748
A1,1,1,1,0,0,0,127,213.07874015748033,490.0866141732283,5308.0,4097.763779527559,3056.0,205,483,221,499
A1,1,1,1,0,0,0,114,210.50877192982455,582.7368421052631,6958.0,4597.903508771929,2954.0,205,577,218,591
A1,1,1,1,0,0,0,88,217.9318181818182,374.625,5351.0,4210.011363636364,2776.0,213,369,224,383
A1,1,1,1,0,0,0,110,223.22727272727272,835.4636363636364,6511.0,5203.181818181818,3392.0,216,829,231,843
A1,1,1,1,0,0,0,67,222.38805970149255,682.9253731343283,8769.0,7146.626865671642,4915.0,217,679,228,688
A1,1,1,1,0,0,0,98,233.44897959183675,151.57142857142858,14249.0,7400.265306122449,3734.0,227,146,242,159
A1,1,1,1,0,0,0,163,237.26993865030676,351.1963190184049,7731.0,5905.760736196319,4239.0,228,345,248,358
A1,1,1,1,0,0,0,65,237.03076923076924,112.64615384615385,8769.0,6053.246153846154,3998.0,230,109,244,117
A1,1,1,1,0,0,0,106,242.02830188679246,191.88679245283018,7527.0,6170.415094339623,4002.0,237,186,248,199
A1,1,1,1,0,0,0,131,241.87022900763358,437.412213740458,7999.0,5599.374045801526,2908.0,238,428,247,448
A1,1,1,1,0,0,0,78,245.96153846153845,641.8589743589744,9725.0,5978.4358974358975,4005.0,240,637,252,647
A1,1,1,1,0,0,0,97,243.94845360824743,779.2164948453608,6388.0,5279.484536082474,3411.0,239,771,249,789
A1,1,1,1,0,0,0,267,252.69288389513108,32.554307116104866,5741.0,4743.438202247191,3952.0,244,22,262,43
A1,1,1,1,0,0,0,35,249.02857142857144,607.9714285714285,13809.0,10152.657142857142,6752.0,247,604,253,613
A1,1,1,1,0,0,0,131,259.40458015267177,957.3740458015267,7932.0,5706.099236641221,3196.0,252,950,266,968
A1,1,1,1,0,0,0,147,263.29931972789115,100.9047619047619,4843.0,3887.081632653061,2722.0,257,94,270,109
A1,1,1,1,0,0,0,152,267.4605263157895,754.5328947368421,4779.0,3694.5065789473683,2916.0,258,749,277,762
A1,1,1,1,0,0,0,119,282.0840336134454,534.2100840336135,6875.0,4531.680672268908,1628.0,272,528,292,541
A1,1,1,1,0,0,0,122,281.0,499.5163934426229,5642.0,3875.44262295082,1674.0,275,494,290,506
A1,1,1,1,0,0,0,127,290.4724409448819,766.1732283464567,6035.0,4175.511811023622,2902.0,284,759,298,774
A1,1,1,1,0,0,0,191,292.1937172774869,648.1465968586388,4320.0,3521.581151832461,2825.0,285,640,301,658
A1,1,1,1,0,0,0,191,300.24083769633506,390.0994764397906,6755.0,5375.539267015707,4285.0,290,383,310,397
A1,1,1,1,0,0,0,113,300.46902654867256,274.46017699115043,13038.0,7159.274336283186,3340.0,294,268,309,282
A1,1,1,1,0,0,0,121,305.8099173553719,718.6115702479339,10322.0,7447.6859504132235,4244.0,297,713,317,724
A1,1,1,1,0,0,0,103,306.9805825242718,897.8058252427185,7996.0,6288.388349514563,4227.0,299,891,316,905
A1,1,1,1,0,0,0,71,315.32394366197184,263.6478873239437,7424.0,6385.577464788732,5640.0,309,261,322,268
A1,1,1,1,0,0,0,74,319.6081081081081,659.4054054054054,7231.0,5243.391891891892,2781.0,314,653,325,668
A1,1,1,1,0,0,0,124,324.9596774193548,959.7258064516129,5248.0,4194.217741935484,3085.0,316,956,334,965
A1,1,1,1,0,0,0,99,322.72727272727275,281.3838383838384,5443.0,4397.181818181818,3309.0,317,276,329,288
A1,1,1,1,0,0,0,334,329.91317365269464,366.6556886227545,5100.0,3476.374251497006,2446.0,319,355,342,380
A1,1,1,1,0,0,0,63,332.23809523809524,507.87301587301585,8634.0,6702.555555555556,4470.0,327,501,338,514
A1,1,1,1,0,0,0,76,351.9868421052632,268.2236842105263,6871.0,5283.828947368421,3575.0,341,266,362,272
A1,1,1,1,0,0,0,193,353.42487046632124,66.52331606217616,5431.0,4079.414507772021,2597.0,345,57,363,76
A1,1,1,1,0,0,0,141,349.7659574468085,888.3829787234042,11267.0,5852.900709219858,3739.0,345,880,355,897
A1,1,1,1,0,0,0,17,348.2352941176471,388.52941176470586,9019.0,7923.588235294118,6861.0,347,386,351,392
A1,1,1,1,0,0,0,92,363.05434782608694,468.8695652173913,6426.0,4992.315217391304,2810.0,356,463,373,476
A1,1,1,1,0,0,0,96,362.3958333333333,888.0833333333334,12096.0,8943.895833333334,5610.0,357,884,371,893
A1,1,1,1,0,0,0,97,373.49484536082474,625.5360824742268,4978.0,4127.742268041237,3315.0,366,618,381,633
A1,1,1,1,0,0,0,24,373.4166666666667,363.9166666666667,8915.0,7475.666666666667,6158.0,369,361,379,368
A1,1,1,1,0,0,0,125,373.768,517.712,5448.0,4202.352,2655.0,368,512,381,525
A1,1,1,1,0,0,0,147,378.84353741496597,791.7687074829932,6289.0,4528.156462585034,2701.0,372,784,387,799
A1,1,1,1,0,0,0,160,381.40625,581.86875,4795.0,3737.86875,2740.0,373,576,391,589
A1,1,1,1,0,0,0,230,383.1347826086957,901.4,5496.0,4105.24347826087,3162.0,376,891,391,912
A1,1,1,1,0,0,0,65,381.2769230769231,949.1384615384616,7369.0,6400.861538461539,5365.0,377,939,385,959
A1,1,1,1,0,0,0,168,391.42261904761904,660.1785714285714,4874.0,3736.160714285714,1996.0,386,651,398,673
A1,1,1,1,0,0,0,81,395.04938271604937,56.69135802469136,7810.0,4936.123456790124,3106.0,391,46,399,67
A1,1,1,1,0,0,0,143,407.3076923076923,581.8671328671329,5132.0,4091.034965034965,3140.0,399,578,417,587
A1,1,1,1,0,0,0,119,412.7310924369748,518.0336134453781,5202.0,3999.075630252101,2514.0,405,513,421,524
A1,1,1,1,0,0,0,97,411.1958762886598,625.5567010309278,6818.0,4638.742268041237,2009.0,404,621,421,630
A1,1,1,1,0,0,0,125,417.392,495.76,4972.0,3511.4,2083.0,411,490,425,503
A1,1,1,1,0,0,0,148,420.2162162162162,843.9054054054054,6883.0,5889.310810810811,5015.0,414,837,427,852
A1,1,1,1,0,0,0,95,422.9789473684211,924.5052631578948,6734.0,5258.378947368421,3164.0,420,915,427,935
A1,1,1,1,0,0,0,149,427.30872483221475,444.248322147651,6752.0,3685.0536912751677,2160.0,421,435,433,456
A1,1,1,1,0,0,0,105,452.45714285714286,856.0,5396.0,4568.828571428571,3319.0,444,850,463,863
A1,1,1,1,0,0,0,216,458.5138888888889,392.5324074074074,3420.0,2699.6018518518517,2114.0,450,384,468,401
A1,1,1,1,0,0,0,147,455.21768707482994,935.9319727891157,3607.0,3108.5714285714284,2511.0,450,926,461,947
A1,1,1,1,0,0,0,78,473.55128205128204,503.38461538461536,6738.0,5337.333333333333,3454.0,465,496,482,511
A1,1,1,1,0,0,0,102,476.9313725490196,754.5882352941177,10080.0,7210.921568627451,4725.0,468,750,488,761
A1,1,1,1,0,0,0,146,478.17808219178085,400.33561643835617,5147.0,3531.6849315068494,2432.0,470,394,487,408
A1,1,1,1,0,0,0,158,481.53164556962025,559.7088607594936,4121.0,2827.7088607594937,1835.0,476,549,488,572
A1,1,1,1,0,0,0,87,492.04597701149424,21.39080459770115,6038.0,4829.35632183908,2852.0,489,12,496,29
A1,1,1,1,0,0,0,178,504.561797752809,884.5449438202247,6348.0,3803.123595505618,1792.0,496,875,513,893
A1,1,1,1,0,0,0,98,514.1020408163265,130.91836734693877,6808.0,4491.459183673469,2593.0,506,125,523,138
A1,1,1,1,0,0,0,182,519.8131868131868,385.75274725274727,5159.0,4245.005494505494,3227.0,513,375,528,397
A1,1,1,1,0,0,0,62,532.258064516129,168.3548387096774,8539.0,7400.0161290322585,5827.0,529,163,536,174
A1,1,1,1,0,0,0,68,539.4705882352941,178.94117647058823,7826.0,6485.985294117647,5443.0,534,176,546,183
A1,1,1,1,0,0,0,83,545.5180722891566,54.89156626506024,7157.0,4926.240963855422,2775.0,537,51,554,60
A1,1,1,1,0,0,0,131,547.7480916030535,89.29770992366412,6428.0,5152.893129770992,2853.0,539,80,562,99
A1,1,1,1,0,0,0,173,552.4971098265896,752.1734104046243,6919.0,5445.630057803468,4152.0,543,743,563,762
A1,1,1,1,0,0,0,114,553.8421052631579,187.62280701754386,4493.0,3906.1140350877195,3041.0,546,182,561,193
A1,1,1,1,0,0,0,214,558.588785046729,917.607476635514,4160.0,3226.5981308411215,2219.0,552,908,567,928
A1,1,1,1,0,0,0,253,579.0711462450593,217.55731225296444,5935.0,4043.794466403162,2713.0,572,206,587,230
A1,1,1,1,0,0,0,79,583.5696202531645,99.27848101265823,9246.0,5247.607594936709,3018.0,577,94,591,106
A1,1,1,1,0,0,0,112,594.2232142857143,651.1339285714286,4500.0,3084.5178571428573,1877.0,586,645,608,656
A1,1,1,1,0,0,0,150,599.14,429.2,8278.0,5592.453333333333,3145.0,591,413,607,442
A1,1,1,1,0,0,0,136,604.0588235294117,935.1764705882352,4933.0,3150.6323529411766,2083.0,595,929,616,940
A1,1,1,1,0,0,0,74,615.3918918918919,709.2702702702703,13116.0,8954.297297297297,6107.0,607,706,622,716
A1,1,1,1,0,0,0,199,617.608040201005,437.2462311557789,3122.0,2495.9195979899496,2027.0,610,429,626,446
A1,1,1,1,0,0,0,152,631.1842105263158,204.02631578947367,4847.0,2969.4802631578946,1973.0,625,195,638,213
A1,1,1,1,0,0,0,161,634.8819875776397,917.2981366459627,5435.0,3482.9751552795033,1740.0,625,908,644,925
A1,1,1,1,0,0,0,98,634.3469387755102,382.6734693877551,5663.0,4312.489795918367,3111.0,630,375,639,391
A1,1,1,1,0,0,0,70,639.3857142857142,833.0571428571428,4831.0,3774.4,2715.0,637,824,643,841
A1,1,1,1,0,0,0,79,660.1518987341772,574.9620253164557,7572.0,5395.886075949367,3230.0,656,565,664,584
A1,1,1,1,0,0,0,74,663.6756756756756,806.4459459459459,5787.0,4820.878378378378,3169.0,659,795,669,820
A1,1,1,1,0,0,0,128,673.328125,478.6875,2416.0,2004.9921875,1534.0,663,473,685,485
A1,1,1,1,0,0,0,279,677.0967741935484,432.2831541218638,4419.0,3579.9211469534052,2842.0,666,424,688,442
A1,1,1,1,0,0,0,178,673.8426966292135,49.38202247191011,5011.0,3750.0730337078653,2757.0,666,42,682,58
A1,1,1,1,0,0,0,203,677.4039408866995,738.6600985221675,3984.0,2941.2758620689656,2073.0,670,730,686,748
A1,1,1,1,0,0,0,76,675.9868421052631,755.1052631578947,4016.0,3407.5263157894738,2540.0,672,750,681,761
A1,1,1,1,0,0,0,142,681.4084507042254,80.75352112676056,4605.0,3371.394366197183,2634.0,674,75,690,88
A1,1,1,1,0,0,0,67,678.5074626865671,106.73134328358209,7984.0,5671.850746268657,3583.0,674,101,683,115
A1,1,1,1,0,0,0,139,692.6043165467626,340.3021582733813,11083.0,6400.107913669065,3237.0,675,332,706,348
A1,1,1,1,0,0,0,166,683.1265060240963,493.45180722891564,2584.0,2086.397590361446,1624.0,675,487,692,500
A2,2,1,2,0,0,0,195,14.78974358974359,392.6820512820513,5406.0,3165.1384615384613,2335.0,2,385,25,399
A2,2,1,2,0,0,0,116,7.801724137931035,531.3362068965517,5904.0,4409.6551724137935,3086.0,3,524,14,541
A2,2,1,2,0,0,0,213,17.023474178403756,348.9906103286385,3817.0,2989.093896713615,1667.0,8,340,26,359
A2,2,1,2,0,0,0,119,14.865546218487395,120.65546218487395,7336.0,4375.302521008403,2697.0,9,113,24,128
A2,2,1,2,0,0,0,175,14.674285714285714,298.58285714285716,4511.0,3463.325714285714,2525.0,9,290,22,308
A2,2,1,2,0,0,0,199,16.36180904522613,805.3015075376884,7355.0,5464.015075376885,4597.0,9,797,25,815
A2,2,1,2,0,0,0,146,23.095890410958905,192.82191780821918,4656.0,3798.1643835616437,2767.0,16,186,31,200
A2,2,1,2,0,0,0,186,26.817204301075268,728.9301075268817,9788.0,6212.3387096774195,2723.0,17,722,38,736
A2,2,1,2,0,0,0,145,26.517241379310345,405.88275862068963,4453.0,3478.351724137931,2571.0,19,400,36,412
A2,2,1,2,0,0,0,109,25.30275229357798,492.651376146789,5885.0,4803.853211009175,3121.0,22,483,30,502
A2,2,1,2,0,0,0,148,36.736486486486484,690.5675675675676,5641.0,4102.027027027027,2155.0,28,685,46,697
A2,2,1,2,0,0,0,117,34.60683760683761,925.5299145299145,5559.0,4667.606837606838,3595.0,28,920,43,931
A2,2,1,2,0,0,0,168,38.017857142857146,443.8511904761905,5171.0,3617.7559523809523,2153.0,32,435,46,453
A2,2,1,2,0,0,0,280,46.29642857142857,604.675,5396.0,4193.496428571429,3170.0,35,597,58,613
A2,2,1,2,0,0,0,313,45.405750798722046,288.24600638977637,4803.0,3881.7444089456867,2832.0,37,277,55,300
A2,2,1,2,0,0,0,268,47.973880597014926,645.2649253731344,5154.0,4277.380597014925,3511.0,39,637,59,655
A2,2,1,2,0,0,0,139,49.669064748201436,811.7194244604317,8017.0,6821.187050359712,5714.0,44,804,56,820
A2,2,1,2,0,0,0,172,50.06395348837209,530.3953488372093,7655.0,6302.377906976744,4692.0,45,521,56,541
A2,2,1,2,0,0,0,119,55.63865546218487,162.21848739495798,11498.0,8148.27731092437,5555.0,49,157,64,169
A2,2,1,2,0,0,0,116,60.66379310344828,921.4741379310345,5747.0,4648.698275862069,3672.0,53,916,68,927
A2,2,1,2,0,0,0,293,66.91808873720136,859.2730375426621,5201.0,4225.938566552901,3029.0,58,848,76,871
A2,2,1,2,0,0,0,84,66.72619047619048,445.2142857142857,6417.0,5419.976190476191,3898.0,60,439,74,452
A2,2,1,2,0,0,0,93,75.98924731182795,223.2688172043011,6879.0,5512.182795698925,4221.0,69,218,84,230
A2,2,1,2,0,0,0,111,76.54054054054055,750.7117117117117,7432.0,5105.342342342342,3600.0,69,746,84,756
A2,2,1,2,0,0,0,154,85.54545454545455,17.448051948051948,6188.0,3107.961038961039,2008.0,77,12,93,27
A2,2,1,2,0,0,0,323,88.18885448916409,190.38080495356039,5555.0,4043.4179566563466,2564.0,76,180,99,200
A2,2,1,2,0,0,0,137,85.82481751824818,169.3065693430657,5141.0,4151.1021897810215,3237.0,79,162,93,177
A2,2,1,2,0,0,0,215,87.89767441860465,513.7767441860465,6512.0,5193.693023255814,3814.0,80,504,96,525
A2,2,1,2,0,0,0,57,89.43859649122807,262.70175438596493,9003.0,6853.210526315789,4305.0,83,257,96,268
A2,2,1,2,0,0,0,72,90.22222222222223,741.375,7324.0,6385.402777777777,5375.0,86,737,95,747
A2,2,1,2,0,0,0,169,97.72781065088758,579.6627218934912,4082.0,3197.828402366864,2264.0,92,571,105,589
A2,2,1,2,0,0,0,136,102.90441176470588,935.4632352941177,5405.0,3820.1838235294117,2473.0,97,926,110,945
A2,2,1,2,0,0,0,80,103.75,719.35,7442.0,5821.1,4115.0,99,715,110,725
A2,2,1,2,0,0,0,127,115.25196850393701,387.66141732283467,5075.0,4202.818897637795,3089.0,110,381,122,396
A2,2,1,2,0,0,0,101,116.25742574257426,782.1188118811881,6073.0,5075.6732673267325,3713.0,110,778,124,788
A2,2,1,2,0,0,0,177,120.71751412429379,90.14689265536722,5317.0,3798.2090395480227,2880.0,112,84,130,97
A2,2,1,2,0,0,0,196,119.15816326530613,872.8418367346939,7110.0,5739.183673469388,4353.0,113,863,126,883
A2,2,1,2,0,0,0,159,125.937106918239,122.78616352201257,6032.0,3611.238993710692,2554.0,118,117,135,129
A2,2,1,2,0,0,0,134,125.6044776119403,447.06716417910445,5051.0,4022.1119402985073,2965.0,119,441,133,454
A2,2,1,2,0,0,0,133,145.12781954887217,599.6390977443609,5405.0,3976.0375939849623,2627.0,136,595,155,605
A2,2,1,2,0,0,0,115,145.40869565217392,648.4608695652174,7073.0,5065.965217391305,3089.0,137,644,154,654
A2,2,1,2,0,0,0,203,146.73891625615764,406.1034482758621,7279.0,5541.71921182266,4210.0,138,399,156,414
A2,2,1,2,0,0,0,115,148.3217391304348,50.96521739130435,7430.0,4501.582608695652,2320.0,140,42,156,59
A2,2,1,2,0,0,0,214,149.61682242990653,953.3831775700935,8068.0,5530.771028037383,3829.0,141,945,159,963
A2,2,1,2,0,0,0,177,153.4689265536723,782.9661016949152,3939.0,3229.135593220339,2614.0,146,776,162,790
A2,2,1,2,0,0,0,200,158.255,280.15,6205.0,3625.505,2777.0,149,271,169,290
A2,2,1,2,0,0,0,127,156.5511811023622,77.83464566929133,5723.0,4442.259842519685,3732.0,152,69,162,88
A2,2,1,2,0,0,0,128,159.578125,367.6484375,6076.0,4080.9140625,2912.0,153,360,169,375
A2,2,1,2,0,0,0,162,162.03703703703704,750.6666666666666,4223.0,3490.938271604938,2648.0,154,743,171,758
A2,2,1,2,0,0,0,184,168.8913043478261,499.0597826086956,3909.0,3135.4347826086955,2263.0,160,493,178,507
A2,2,1,2,0,0,0,123,168.83739837398375,538.170731707317,5166.0,4227.463414634146,3171.0,163,531,175,546
A2,2,1,2,0,0,0,156,172.42307692307693,334.5705128205128,6498.0,3542.6153846153848,2195.0,165,326,182,343
A2,2,1,2,0,0,0,142,179.2887323943662,569.6830985915493,5639.0,4022.281690140845,2943.0,174,562,186,579
A2,2,1,2,0,0,0,196,187.0,231.98979591836735,5661.0,3568.7755102040815,2312.0,179,223,197,243
A2,2,1,2,0,0,0,365,191.90684931506848,110.04109589041096,3963.0,2902.895890410959,2084.0,180,99,204,122
A2,2,1,2,0,0,0,133,188.93233082706766,455.09022556390977,6200.0,4357.075187969925,1938.0,183,448,195,463
A2,2,1,2,0,0,0,271,196.08856088560884,616.5424354243543,6382.0,4212.527675276753,2478.0,186,609,207,625
A2,2,1,2,0,0,0,172,199.25,433.1453488372093,5273.0,3971.343023255814,2596.0,190,427,210,441
A2,2,1,2,0,0,0,176,198.8409090909091,735.0454545454545,4241.0,3366.5852272727275,2496.0,193,725,205,746
A2,2,1,2,0,0,0,204,207.86764705882354,685.6078431372549,4458.0,3339.4166666666665,2543.0,200,678,217,695
A2,2,1,2,0,0,0,153,208.5359477124183,529.6470588235294,4580.0,3717.699346405229,2500.0,203,521,215,540
A2,2,1,2,0,0,0,216,214.24074074074073,56.85648148148148,5071.0,2794.449074074074,1836.0,204,48,224,69
A2,2,1,2,0,0,0,94,209.86170212765958,593.8085106382979,6638.0,5236.255319148936,2763.0,204,588,216,600
A2,2,1,2,0,0,0,116,211.55172413793105,461.1034482758621,7806.0,4709.293103448276,2944.0,207,455,218,469
A2,2,1,2,0,0,0,233,223.49356223175965,808.549356223176,6670.0,5362.545064377682,3827.0,213,802,236,816
A2,2,1,2,0,0,0,155,220.7290322580645,317.0774193548387,4861.0,3791.3225806451615,2033.0,214,310,229,325
A2,2,1,2,0,0,0,116,227.69827586206895,831.0775862068965,6661.0,4851.758620689655,3575.0,222,825,235,838
A2,2,1,2,0,0,0,126,228.4126984126984,171.37301587301587,7696.0,4712.944444444444,2855.0,223,163,236,180
A2,2,1,2,0,0,0,238,232.6344537815126,550.155462184874,5894.0,4495.441176470588,2761.0,226,539,240,562
A2,2,1,2,0,0,0,189,235.66137566137567,268.6507936507937,4673.0,3332.253968253968,2393.0,227,262,246,276
A2,2,1,2,0,0,0,187,238.33689839572193,575.4331550802139,7279.0,5207.2513368983955,3391.0,231,567,247,585
A2,2,1,2,0,0,0,69,237.768115942029,195.6086956521739,8717.0,6759.333333333333,4954.0,233,189,244,203
A2,2,1,2,0,0,0,165,245.95151515151514,964.6969696969697,4128.0,3394.224242424242,2688.0,240,957,254,973
A2,2,1,2,0,0,0,207,254.45410628019323,667.8357487922706,5384.0,4034.144927536232,2679.0,244,662,267,675
A2,2,1,2,0,0,0,108,248.11111111111111,745.5,10056.0,7420.0462962962965,4490.0,244,736,253,756
A2,2,1,2,0,0,0,240,256.32916666666665,331.24583333333334,4515.0,3093.7541666666666,2136.0,249,321,264,343
A2,2,1,2,0,0,0,177,259.29378531073445,448.73446327683615,4406.0,2979.4745762711864,2284.0,252,441,267,457
A2,2,1,2,0,0,0,171,259.2514619883041,14.56140350877193,5593.0,3619.0116959064326,2470.0,255,3,265,27
A2,2,1,2,0,0,0,157,264.54777070063693,948.1592356687898,3962.0,3206.4458598726114,2163.0,258,941,272,957
A2,2,1,2,0,0,0,129,269.04651162790697,601.077519379845,6331.0,3947.8062015503874,2945.0,263,594,277,609
A2,2,1,2,0,0,0,80,268.7875,891.0,8028.0,6610.7125,4894.0,263,887,276,896
A2,2,1,2,0,0,0,152,272.00657894736844,728.0855263157895,8043.0,6440.085526315789,4092.0,266,721,280,737
A2,2,1,2,0,0,0,119,274.26050420168065,48.94957983193277,7758.0,5410.983193277311,3189.0,268,43,281,56
A2,2,1,2,0,0,0,206,276.40291262135923,125.33980582524272,6892.0,5899.703883495145,4596.0,268,118,286,133
A2,2,1,2,0,0,0,236,280.29661016949154,483.521186440678,5931.0,4663.177966101695,3168.0,272,473,290,494
A2,2,1,2,0,0,0,128,280.8515625,338.875,5347.0,4383.8359375,3433.0,276,331,287,348
A2,2,1,2,0,0,0,109,281.0642201834862,31.10091743119266,7768.0,5561.137614678899,3759.0,277,22,287,39
A2,2,1,2,0,0,0,191,289.9947643979058,278.6649214659686,4404.0,3475.9057591623036,2336.0,280,273,301,286
A2,2,1,2,0,0,0,164,288.6707317073171,83.13414634146342,6780.0,4645.445121951219,2635.0,282,75,297,91
A2,2,1,2,0,0,0,205,293.13170731707316,552.7268292682927,6282.0,4435.492682926829,3362.0,287,543,301,564
A2,2,1,2,0,0,0,231,294.64935064935065,879.0346320346321,5776.0,4520.766233766234,3431.0,288,869,303,891
A2,2,1,2,0,0,0,178,297.64606741573033,485.64606741573033,7400.0,5661.859550561798,3925.0,289,478,308,494
A2,2,1,2,0,0,0,138,299.28985507246375,112.29710144927536,9940.0,7962.717391304348,5934.0,291,107,309,119
A2,2,1,2,0,0,0,226,304.9513274336283,422.58849557522126,4305.0,3109.3938053097345,1679.0,296,412,314,433
A2,2,1,2,0,0,0,121,302.2809917355372,676.603305785124,7163.0,5042.611570247934,2580.0,296,671,309,684
A2,2,1,2,0,0,0,215,304.9627906976744,787.6232558139535,5263.0,4436.102325581395,3531.0,297,778,313,798
A2,2,1,2,0,0,0,215,311.2418604651163,375.10232558139535,4874.0,3457.5348837209303,2269.0,301,368,322,384
A2,2,1,2,0,0,0,93,313.13978494623655,346.9139784946237,7017.0,5452.376344086021,4416.0,306,341,322,353
A2,2,1,2,0,0,0,147,316.13605442176873,742.1632653061224,5554.0,4008.190476190476,2200.0,309,736,326,749
A2,2,1,2,0,0,0,284,317.19718309859155,953.5105633802817,3968.0,3236.6197183098593,2402.0,309,942,326,966
A2,2,1,2,0,0,0,111,317.85585585585585,614.081081081081,7767.0,4088.4864864864867,2594.0,312,606,326,622
A2,2,1,2,0,0,0,126,324.9761904761905,63.8968253968254,5565.0,4445.1349206349205,3201.0,319,56,332,72
A2,2,1,2,0,0,0,223,331.6681614349776,518.0313901345291,7746.0,5529.461883408072,3935.0,322,511,343,525
A2,2,1,2,0,0,0,308,334.40584415584414,321.711038961039,5072.0,4181.172077922078,3294.0,324,313,347,331
A2,2,1,2,0,0,0,178,332.35393258426967,858.9887640449438,4993.0,3580.4157303370785,1605.0,324,853,343,867
A2,2,1,2,0,0,0,272,344.50735294117646,578.3897058823529,5121.0,3810.7426470588234,2798.0,335,569,355,589
A2,2,1,2,0,0,0,255,345.7450980392157,890.7450980392157,4017.0,2697.0666666666666,1371.0,337,881,355,901
A2,2,1,2,0,0,0,114,346.9122807017544,722.4649122807018,7919.0,6150.105263157895,4175.0,338,719,357,727
A2,2,1,2,0,0,0,139,344.51798561151077,435.2014388489209,5666.0,4507.3165467625895,3381.0,339,428,351,443
A2,2,1,2,0,0,0,128,349.40625,167.9453125,5678.0,4787.6953125,3700.0,344,161,356,176
A2,2,1,2,0,0,0,184,358.29891304347825,793.4891304347826,6530.0,4362.396739130435,3363.0,349,785,369,802
A2,2,1,2,0,0,0,198,367.3838383838384,752.7222222222222,4426.0,3253.409090909091,2030.0,357,746,378,760
A2,2,1,2,0,0,0,187,364.8181818181818,558.1604278074866,4124.0,3369.2459893048126,2241.0,358,549,372,569
A2,2,1,2,0,0,0,171,367.2573099415205,465.6140350877193,5833.0,4685.660818713451,2965.0,359,460,378,473
A2,2,1,2,0,0,0,303,368.23762376237624,879.96699669967,5984.0,4565.950495049505,3042.0,360,869,378,892
A2,2,1,2,0,0,0,102,369.2156862745098,360.2647058823529,6714.0,5320.862745098039,3964.0,361,355,377,365
A2,2,1,2,0,0,0,106,369.2641509433962,396.7641509433962,6792.0,5515.433962264151,4495.0,361,393,378,402
A2,2,1,2,0,0,0,105,375.9809523809524,627.0285714285715,7500.0,5379.409523809524,3406.0,370,621,382,634
A2,2,1,2,0,0,0,92,375.85869565217394,673.8913043478261,7394.0,5953.967391304348,4316.0,371,669,382,680
A2,2,1,2,0,0,0,237,384.7299578059072,703.337552742616,6519.0,4333.054852320675,2005.0,375,695,396,712
A2,2,1,2,0,0,0,194,385.8814432989691,276.2474226804124,8548.0,6159.134020618557,2823.0,377,270,397,284
A2,2,1,2,0,0,0,203,392.67487684729065,935.5714285714286,6655.0,5445.310344827586,4190.0,382,930,404,942
A2,2,1,2,0,0,0,194,388.6958762886598,577.639175257732,4685.0,3383.6082474226805,2122.0,383,568,396,589
A2,2,1,2,0,0,0,118,392.29661016949154,302.0762711864407,5625.0,4833.85593220339,3645.0,386,297,400,309
A2,2,1,2,0,0,0,307,398.05537459283386,514.0260586319218,5182.0,4196.478827361563,3293.0,387,506,410,523
A2,2,1,2,0,0,0,89,395.39325842696627,65.47191011235955,8901.0,5403.876404494382,3549.0,388,58,404,73
A2,2,1,2,0,0,0,180,403.4111111111111,908.5277777777778,8187.0,6117.605555555556,4208.0,394,902,413,916
A2,2,1,2,0,0,0,129,401.4651162790698,135.7829457364341,5729.0,4933.922480620155,3226.0,397,127,408,145
A2,2,1,2,0,0,0,200,407.125,831.555,4295.0,3304.575,2238.0,399,824,417,840
A2,2,1,2,0,0,0,183,405.3606557377049,875.8087431693989,5428.0,4149.622950819672,2307.0,398,867,413,885
A2,2,1,2,0,0,0,132,409.9469696969697,82.71212121212122,6335.0,5008.492424242424,3500.0,403,77,417,90
A2,2,1,2,0,0,0,205,418.01951219512193,478.08780487804876,4215.0,3232.1756097560974,2284.0,409,471,429,486
A2,2,1,2,0,0,0,129,416.25581395348837,965.9922480620155,6464.0,5072.720930232558,3236.0,411,959,423,974
A2,2,1,2,0,0,0,162,423.77777777777777,328.8703703703704,5525.0,3922.7345679012346,2886.0,414,324,435,334
A2,2,1,2,0,0,0,148,420.9662162162162,401.0878378378378,6544.0,5037.594594594595,3375.0,416,392,427,410
A2,2,1,2,0,0,0,178,423.34831460674155,568.7078651685393,7265.0,5279.662921348315,3679.0,417,560,430,580
A2,2,1,2,0,0,0,207,425.8937198067633,689.2367149758454,5251.0,4031.951690821256,2518.0,416,683,437,697
A2,2,1,2,0,0,0,171,425.35087719298247,770.2163742690059,4522.0,3636.8596491228072,2719.0,418,762,434,779
A2,2,1,2,0,0,0,135,427.5925925925926,19.103703703703705,6855.0,4816.2444444444445,2959.0,421,13,435,26
A2,2,1,2,0,0,0,92,428.9347826086956,126.05434782608695,7670.0,6206.152173913043,4053.0,423,120,435,133
A2,2,1,2,0,0,0,123,432.1463414634146,73.64227642276423,6847.0,4618.455284552845,2996.0,425,66,442,80
A2,2,1,2,0,0,0,154,429.3831168831169,443.46753246753246,5077.0,4103.5,2414.0,425,433,435,454
A2,2,1,2,0,0,0,207,438.2512077294686,828.3236714975845,6041.0,4726.52657004831,3019.0,428,821,449,837
A2,2,1,2,0,0,0,174,448.63793103448273,646.4310344827586,7187.0,5698.074712643678,3946.0,441,638,457,656
A2,2,1,2,0,0,0,204,457.1862745098039,812.3088235294117,5896.0,4328.514705882353,3156.0,446,806,469,820
A2,2,1,2,0,0,0,178,455.12359550561797,883.556179775281,6415.0,4693.741573033708,2428.0,449,875,461,894
A2,2,1,2,0,0,0,186,460.35483870967744,450.4247311827957,5170.0,3889.6344086021504,2526.0,455,440,467,462
A2,2,1,2,0,0,0,74,459.85135135135135,949.5135135135135,9231.0,7261.851351351352,5439.0,456,943,465,957
A2,2,1,2,0,0,0,226,465.1592920353982,732.29203539823,6556.0,5091.765486725663,3365.0,458,722,473,743
A2,2,1,2,0,0,0,161,469.1366459627329,311.2857142857143,9762.0,5449.869565217391,3491.0,460,304,481,318
A2,2,1,2,0,0,0,132,469.3863636363636,160.8181818181818,5777.0,4681.590909090909,3663.0,464,154,476,169
A2,2,1,2,0,0,0,138,477.8333333333333,207.2173913043478,6600.0,4904.528985507246,2815.0,472,200,484,216
A2,2,1,2,0,0,0,233,480.84978540772534,464.18025751072963,5620.0,4415.682403433477,3426.0,474,455,490,475
A2,2,1,2,0,0,0,99,481.67676767676767,378.44444444444446,13844.0,8371.888888888889,5332.0,476,371,489,385
A2,2,1,2,0,0,0,347,495.0749279538905,587.5878962536023,5559.0,4123.314121037464,2889.0,483,579,508,598
A2,2,1,2,0,0,0,141,492.4751773049645,117.12056737588652,7557.0,6181.432624113475,4752.0,484,113,502,123
A2,2,1,2,0,0,0,205,494.21463414634144,352.3560975609756,7325.0,5381.492682926829,3716.0,484,347,506,359
A2,2,1,2,0,0,0,69,495.7536231884058,908.1014492753624,9142.0,7421.550724637681,5978.0,489,904,503,913
A2,2,1,2,0,0,0,195,508.91282051282053,641.8410256410257,5575.0,3799.5538461538463,1900.0,500,635,519,649
A2,2,1,2,0,0,0,136,506.19117647058823,210.09558823529412,10405.0,7821.705882352941,5379.0,501,202,513,219
A2,2,1,2,0,0,0,148,508.5743243243243,681.7635135135135,9487.0,7779.283783783784,5845.0,502,675,516,689
A2,2,1,2,0,0,0,174,513.0459770114943,717.551724137931,8721.0,6980.189655172414,5426.0,507,708,520,728
A2,2,1,2,0,0,0,86,517.2558139534884,98.98837209302326,9534.0,7472.03488372093,4747.0,511,94,524,104
A2,2,1,2,0,0,0,158,537.4556962025316,764.1518987341772,6019.0,5089.46835443038,3896.0,528,759,548,770
A2,2,1,2,0,0,0,104,538.5384615384615,687.7884615384615,7465.0,5871.846153846154,4190.0,531,683,546,695
A2,2,1,2,0,0,0,148,544.7432432432432,878.8445945945946,6848.0,5027.459459459459,2953.0,535,875,556,884
A2,2,1,2,0,0,0,76,547.171052631579,384.42105263157896,8214.0,6599.236842105263,5173.0,541,379,555,391
A2,2,1,2,0,0,0,85,547.6941176470589,412.5529411764706,7587.0,6066.388235294117,4757.0,542,408,555,418
A2,2,1,2,0,0,0,163,552.3558282208589,320.00613496932516,5187.0,4200.705521472392,2791.0,544,315,562,327
A2,2,1,2,0,0,0,133,554.0827067669173,345.2406015037594,6702.0,5240.0300751879695,2856.0,547,339,562,352
A2,2,1,2,0,0,0,147,553.7755102040817,166.19727891156464,5918.0,4955.877551020408,3090.0,548,156,560,177
A2,2,1,2,0,0,0,114,558.9035087719299,809.1842105263158,8194.0,6330.710526315789,4690.0,549,806,568,815
A2,2,1,2,0,0,0,107,554.3457943925233,259.9252336448598,7483.0,6056.14953271028,4389.0,550,253,560,267
A2,2,1,2,0,0,0,57,564.7543859649123,923.6842105263158,8523.0,7309.105263157895,5919.0,559,919,571,929
A2,2,1,2,0,0,0,90,570.2555555555556,102.06666666666666,11271.0,8945.733333333334,5923.0,565,96,577,109
A2,2,1,2,0,0,0,101,572.2178217821782,207.62376237623764,8272.0,6146.782178217822,4852.0,566,203,579,213
A2,2,1,2,0,0,0,299,581.6020066889632,374.0066889632107,6223.0,4837.782608695652,3324.0,574,362,590,387
A2,2,1,2,0,0,0,134,580.4253731343283,854.1194029850747,5912.0,4907.3432835820895,3481.0,574,846,589,863
A2,2,1,2,0,0,0,100,583.73,472.02,9554.0,7186.8,4516.0,580,464,588,481
A2,2,1,2,0,0,0,168,586.3452380952381,95.36309523809524,7710.0,6135.184523809524,4589.0,581,86,593,106
A2,2,1,2,0,0,0,240,597.3083333333333,587.3083333333333,4923.0,3343.0041666666666,2147.0,589,577,606,598
A2,2,1,2,0,0,0,75,593.2666666666667,765.3466666666667,9228.0,7661.826666666667,5791.0,589,760,599,771
A2,2,1,2,0,0,0,104,604.4711538461538,920.3942307692307,7700.0,6079.7692307692305,3625.0,598,916,612,926
A2,2,1,2,0,0,0,94,608.936170212766,851.6276595744681,9111.0,6970.287234042553,5708.0,602,848,617,857
A2,2,1,2,0,0,0,174,609.3735632183908,373.0977011494253,4639.0,3576.609195402299,2610.0,604,363,616,384
A2,2,1,2,0,0,0,97,620.3298969072165,60.381443298969074,6983.0,6131.886597938144,5066.0,615,55,627,66
A2,2,1,2,0,0,0,278,627.0035971223022,931.2877697841726,8550.0,5470.014388489209,3547.0,617,923,639,941
A2,2,1,2,0,0,0,185,626.6864864864865,171.32972972972973,9315.0,6898.605405405406,4958.0,620,162,636,183
A2,2,1,2,0,0,0,247,630.3562753036438,303.02834008097165,3703.0,2985.8299595141702,2014.0,619,296,643,311
A2,2,1,2,0,0,0,62,625.6129032258065,687.2096774193549,9828.0,8345.516129032258,6886.0,619,684,632,691
A2,2,1,2,0,0,0,183,628.0601092896175,231.04918032786884,6685.0,5555.273224043716,4252.0,620,223,636,239
A2,2,1,2,0,0,0,91,629.0,529.6373626373627,11744.0,6406.67032967033,4290.0,621,526,637,535
A2,2,1,2,0,0,0,182,635.3076923076923,472.5274725274725,8359.0,6470.648351648351,4348.0,624,464,647,482
A2,2,1,2,0,0,0,275,636.4145454545454,116.0690909090909,5396.0,4025.010909090909,2937.0,626,108,648,125
A2,2,1,2,0,0,0,224,638.6160714285714,289.8392857142857,4408.0,3426.1696428571427,2512.0,629,282,650,298
A2,2,1,2,0,0,0,248,641.3991935483871,242.0766129032258,3996.0,3248.7056451612902,2219.0,630,235,653,251
A2,2,1,2,0,0,0,124,638.1048387096774,391.2903225806452,6708.0,4991.241935483871,3060.0,630,387,648,398
A2,2,1,2,0,0,0,220,638.5318181818182,660.9227272727272,8565.0,6513.509090909091,4383.0,632,651,646,672
A2,2,1,2,0,0,0,149,641.8859060402684,337.4026845637584,5390.0,4282.583892617449,3230.0,634,332,652,345
A2,2,1,2,0,0,0,86,640.8604651162791,678.5813953488372,10441.0,8205.279069767443,6487.0,635,673,647,684
A2,2,1,2,0,0,0,127,643.3385826771654,32.51968503937008,5957.0,4798.929133858268,3685.0,639,25,651,41
A2,2,1,2,0,0,0,233,646.8497854077253,274.343347639485,3994.0,3383.214592274678,2527.0,639,266,656,285
A2,2,1,2,0,0,0,141,648.2553191489362,944.8794326241135,6355.0,4901.0496453900705,3555.0,642,938,656,952
A2,2,1,2,0,0,0,167,654.7425149700599,548.4191616766467,5637.0,4229.329341317365,2969.0,646,543,665,555
A2,2,1,2,0,0,0,114,653.5263157894736,75.6842105263158,7276.0,5632.464912280701,4219.0,649,68,659,84
A2,2,1,2,0,0,0,138,656.0942028985507,650.3623188405797,5685.0,4478.760869565217,3020.0,650,644,665,659
A2,2,1,2,0,0,0,179,660.6256983240223,357.99441340782124,10238.0,6053.446927374302,3134.0,652,351,673,365
A2,2,1,2,0,0,0,171,663.9415204678363,187.78362573099415,7936.0,6107.672514619883,4422.0,654,182,675,194
A2,2,1,2,0,0,0,155,665.6838709677419,401.8322580645161,5682.0,4550.025806451613,2771.0,657,395,675,409
A2,2,1,2,0,0,0,112,669.7321428571429,625.0267857142857,8061.0,5122.866071428572,3660.0,664,618,677,631
A2,2,1,2,0,0,0,251,683.5378486055777,142.73705179282868,7477.0,5467.322709163346,3887.0,677,131,691,155
A2,2,1,2,0,0,0,149,683.9731543624162,963.4295302013422,10835.0,7515.228187919463,4405.0,679,953,691,975
A2,2,1,2,0,0,0,154,690.5519480519481,774.5584415584416,6503.0,5018.623376623376,2967.0,684,767,699,783
A2,2,1,2,0,0,0,224,692.5491071428571,265.3125,7426.0,5824.120535714285,4331.0,686,256,700,276
A2,2,1,2,0,0,0,190,695.3842105263158,794.1684210526316,5916.0,4621.894736842105,3261.0,686,787,705,802
A2,2,1,3,0,0,0,110,10.754545454545454,145.0,7757.0,6132.936363636363,4568.0,6,137,16,154
A2,2,1,3,0,0,0,92,14.445652173913043,325.0978260869565,8073.0,6539.119565217391,4736.0,8,321,21,331
A2,2,1,3,0,0,0,257,18.852140077821012,435.38132295719845,7771.0,5471.571984435797,2782.0,9,428,31,444
A2,2,1,3,0,0,0,223,20.408071748878925,398.25560538116594,6091.0,4849.686098654708,1901.0,11,391,30,407
A2,2,1,3,0,0,0,247,25.91497975708502,34.71255060728745,5880.0,3783.5789473684213,2248.0,15,27,37,44
A2,2,1,3,0,0,0,170,23.676470588235293,766.6705882352941,5876.0,4375.588235294118,2487.0,17,760,32,775
A2,2,1,3,0,0,0,163,28.012269938650306,71.60736196319019,6162.0,4710.055214723926,3729.0,18,66,38,78
A2,2,1,3,0,0,0,148,25.054054054054053,865.2094594594595,5137.0,4165.310810810811,2866.0,19,857,32,874
A2,2,1,3,0,0,0,158,29.050632911392405,836.7784810126582,8394.0,4705.873417721519,2893.0,22,828,36,847
A2,2,1,3,0,0,0,69,36.608695652173914,257.3768115942029,8798.0,7341.144927536232,4642.0,30,254,44,261
A2,2,1,3,0,0,0,237,44.43037974683544,353.084388185654,6012.0,5054.632911392405,3508.0,33,347,58,361
A2,2,1,3,0,0,0,105,41.99047619047619,481.9238095238095,8256.0,6594.07619047619,4649.0,37,476,48,488
A2,2,1,3,0,0,0,72,49.34722222222222,308.27777777777777,8975.0,7274.305555555556,5293.0,43,304,55,313
A2,2,1,3,0,0,0,123,52.796747967479675,677.869918699187,6973.0,5130.837398373984,2585.0,45,671,61,685
A2,2,1,3,0,0,0,152,54.39473684210526,17.223684210526315,6153.0,4987.0328947368425,3987.0,48,11,62,25
A2,2,1,3,0,0,0,239,54.58158995815899,124.67782426778243,5416.0,4147.740585774059,1910.0,47,113,63,137
A2,2,1,3,0,0,0,225,56.91111111111111,624.7333333333333,4665.0,3395.48,2340.0,48,616,66,634
A2,2,1,3,0,0,0,108,55.50925925925926,504.8425925925926,11068.0,7964.694444444444,5787.0,50,499,62,512
A2,2,1,3,0,0,0,143,62.92307692307692,920.972027972028,6709.0,4067.5104895104896,1702.0,54,916,73,927
A2,2,1,3,0,0,0,122,63.47540983606557,453.2295081967213,6929.0,5168.5,3596.0,56,448,71,459
A2,2,1,3,0,0,0,135,64.74074074074075,722.5185185185185,6399.0,4970.496296296296,3552.0,56,714,72,730
A2,2,1,3,0,0,0,200,76.47,532.575,6090.0,5262.99,3588.0,68,525,87,542
A2,2,1,3,0,0,0,188,77.0372340425532,413.73936170212767,7651.0,6257.462765957447,4867.0,69,405,87,423
A2,2,1,3,0,0,0,181,89.62983425414365,305.38121546961327,6813.0,5683.066298342542,4174.0,79,299,100,312
A2,2,1,3,0,0,0,157,88.80254777070064,573.031847133758,10550.0,8086.382165605096,4707.0,80,567,99,580
A2,2,1,3,0,0,0,235,93.14468085106382,823.868085106383,5030.0,3775.936170212766,2663.0,84,817,104,832
A2,2,1,3,0,0,0,57,90.57894736842105,264.12280701754383,9596.0,8077.526315789473,6066.0,85,260,96,270
A2,2,1,3,0,0,0,114,94.4298245614035,81.24561403508773,5929.0,4933.350877192983,3244.0,88,72,102,90
A2,2,1,3,0,0,0,59,91.37288135593221,193.52542372881356,7186.0,6312.254237288135,5132.0,89,187,95,201
A2,2,1,3,0,0,0,131,101.05343511450381,27.64885496183206,7643.0,6309.114503816794,4884.0,95,21,108,36
A2,2,1,3,0,0,0,189,106.62962962962963,860.031746031746,8650.0,7323.873015873016,4720.0,97,855,118,866
A2,2,1,3,0,0,0,96,106.88541666666667,71.25,9417.0,7355.53125,4287.0,101,65,113,78
A2,2,1,3,0,0,0,29,110.20689655172414,758.6896551724138,6261.0,4178.241379310345,3077.0,106,757,115,762
A2,2,1,3,0,0,0,194,117.82474226804123,373.9742268041237,8408.0,6681.268041237114,4466.0,111,365,125,384
A2,2,1,3,0,0,0,96,120.09375,130.27083333333334,7245.0,5573.84375,3394.0,114,123,126,139
A2,2,1,3,0,0,0,107,130.3177570093458,188.69158878504672,9760.0,7734.121495327103,5112.0,122,184,139,194
A2,2,1,3,0,0,0,182,134.02197802197801,796.1813186813187,4532.0,3498.8296703296705,2595.0,126,789,143,804
A2,2,1,3,0,0,0,45,134.51111111111112,227.46666666666667,11331.0,9348.977777777778,7081.0,129,225,141,231
A2,2,1,3,0,0,0,108,139.96296296296296,820.1388888888889,6256.0,4889.62962962963,2972.0,131,815,149,828
A2,2,1,3,0,0,0,117,143.60683760683762,22.188034188034187,6340.0,5058.222222222223,3788.0,138,16,151,29
A2,2,1,3,0,0,0,222,147.59459459459458,907.7972972972973,4297.0,3466.801801801802,2445.0,138,901,158,917
A2,2,1,3,0,0,0,185,145.77297297297298,686.3567567567568,5858.0,3735.7837837837837,2532.0,140,676,152,696
A2,2,1,3,0,0,0,138,148.82608695652175,330.9855072463768,6567.0,5176.282608695652,3466.0,144,322,154,342
A2,2,1,3,0,0,0,84,154.6547619047619,492.98809523809524,8859.0,7274.261904761905,5326.0,148,490,163,497
A2,2,1,3,0,0,0,120,164.725,309.28333333333336,7349.0,6078.283333333334,4703.0,157,303,173,317
A2,2,1,3,0,0,0,189,163.74603174603175,433.55026455026456,5525.0,4585.740740740741,3458.0,157,425,172,442
A2,2,1,3,0,0,0,86,166.02325581395348,129.38372093023256,8637.0,6017.325581395349,4364.0,162,123,170,138
A2,2,1,3,0,0,0,310,173.34193548387097,807.8516129032258,4749.0,3800.967741935484,2818.0,162,797,186,819
A2,2,1,3,0,0,0,128,180.1171875,153.7890625,9352.0,6790.3125,4194.0,174,146,186,163
A2,2,1,3,0,0,0,125,178.776,351.392,5923.0,4566.448,2852.0,174,344,185,360
A2,2,1,3,0,0,0,92,184.1304347826087,247.31521739130434,7466.0,5777.630434782609,4049.0,178,243,191,253
A2,2,1,3,0,0,0,136,186.55882352941177,962.0661764705883,5528.0,4679.5,3214.0,178,957,196,967
A2,2,1,3,0,0,0,162,190.55555555555554,753.8395061728395,4536.0,3765.8888888888887,2615.0,181,748,200,761
A2,2,1,3,0,0,0,72,188.22222222222223,537.5416666666666,11971.0,9062.902777777777,6702.0,182,534,196,542
A2,2,1,3,0,0,0,98,191.35714285714286,277.4183673469388,8621.0,6994.989795918367,5478.0,184,272,200,284
A2,2,1,3,0,0,0,169,195.30769230769232,119.17159763313609,5269.0,3982.798816568047,2424.0,185,114,206,126
A2,2,1,3,0,0,0,139,194.3884892086331,360.71223021582733,5520.0,4233.093525179856,3025.0,188,354,202,368
A2,2,1,3,0,0,0,187,203.42780748663102,491.1818181818182,5912.0,4478.106951871658,2918.0,194,485,214,499
A2,2,1,3,0,0,0,121,202.23140495867767,146.95867768595042,6880.0,5110.338842975207,2941.0,196,141,209,155
A2,2,1,3,0,0,0,116,212.19827586206895,102.25862068965517,6668.0,5521.767241379311,3918.0,203,99,223,107
A2,2,1,3,0,0,0,135,212.0888888888889,932.9407407407407,6593.0,5112.162962962963,3720.0,205,928,220,939
A2,2,1,3,0,0,0,288,219.9375,365.02430555555554,5671.0,4394.121527777777,3105.0,210,356,230,375
A2,2,1,3,0,0,0,133,217.08270676691728,165.9699248120301,6529.0,5072.804511278196,3163.0,212,158,223,175
A2,2,1,3,0,0,0,129,218.87596899224806,236.2325581395349,6097.0,4516.441860465116,3445.0,212,230,226,243
A2,2,1,3,0,0,0,105,223.15238095238095,258.5904761904762,6756.0,5219.0952380952385,3545.0,217,253,231,264
A2,2,1,3,0,0,0,162,223.84567901234567,737.1543209876543,4651.0,3598.2098765432097,2607.0,217,729,232,746
A2,2,1,3,0,0,0,175,228.03428571428572,415.63428571428574,5641.0,3693.3371428571427,1653.0,220,409,237,424
A2,2,1,3,0,0,0,106,233.56603773584905,64.31132075471699,6988.0,5572.820754716981,4145.0,228,56,240,74
A2,2,1,3,0,0,0,68,236.25,826.6911764705883,9275.0,7407.911764705882,5917.0,231,824,243,831
A2,2,1,3,0,0,0,146,241.3835616438356,29.71917808219178,5143.0,3997.3972602739727,2543.0,235,22,248,38
A2,2,1,3,0,0,0,194,245.67525773195877,455.5927835051546,4645.0,3582.0257731958764,2102.0,236,447,257,464
A2,2,1,3,0,0,0,126,243.26190476190476,696.8253968253969,5095.0,4217.944444444444,3013.0,238,690,250,705
A2,2,1,3,0,0,0,86,244.84883720930233,950.9767441860465,7347.0,5847.058139534884,4057.0,237,947,253,956
A2,2,1,3,0,0,0,32,246.09375,863.1875,1549.0,1281.1875,996.0,244,860,249,868
A2,2,1,3,0,0,0,158,256.65822784810126,761.8987341772151,4719.0,3596.6645569620255,2558.0,251,754,264,771
A2,2,1,3,0,0,0,66,256.95454545454544,122.21212121212122,8527.0,7411.121212121212,6164.0,252,118,262,128
A2,2,1,3,0,0,0,229,260.31877729257644,351.9475982532751,6085.0,4618.615720524018,3030.0,255,340,266,367
A2,2,1,3,0,0,0,126,264.2063492063492,634.7301587301587,4923.0,4237.6349206349205,3608.0,257,629,272,642
A2,2,1,3,0,0,0,48,262.6041666666667,157.45833333333334,10210.0,8802.416666666666,7167.0,259,153,267,163
A2,2,1,3,0,0,0,198,267.77777777777777,466.510101010101,4890.0,3611.979797979798,2014.0,259,458,279,475
A2,2,1,3,0,0,0,144,269.47222222222223,427.7083333333333,5685.0,4287.152777777777,2751.0,262,419,277,437
A2,2,1,3,0,0,0,111,271.9009009009009,530.7567567567568,14822.0,9200.603603603604,5453.0,264,526,281,536
A2,2,1,3,0,0,0,165,272.91515151515154,50.78787878787879,4809.0,3820.4969696969697,2672.0,266,45,282,59
A2,2,1,3,0,0,0,148,276.30405405405406,289.9527027027027,9611.0,7282.094594594595,4773.0,271,281,283,300
A2,2,1,3,0,0,0,137,278.45255474452557,921.9343065693431,4827.0,3990.912408759124,3175.0,272,916,286,929
A2,2,1,3,0,0,0,118,280.3898305084746,417.5169491525424,5850.0,4664.923728813559,3550.0,274,412,288,424
A2,2,1,3,0,0,0,93,280.4516129032258,344.9569892473118,7491.0,5901.1720430107525,3897.0,276,338,286,353
A2,2,1,3,0,0,0,137,282.2992700729927,836.7591240875912,6759.0,4996.328467153285,3636.0,276,829,289,845
A2,2,1,3,0,0,0,143,284.9230769230769,807.4405594405595,5631.0,4250.825174825175,2850.0,278,802,294,815
A2,2,1,3,0,0,0,90,286.1222222222222,243.53333333333333,7085.0,5706.688888888889,4294.0,281,239,293,250
A2,2,1,3,0,0,0,76,284.63157894736844,519.1184210526316,9285.0,6619.1578947368425,5206.0,281,513,289,526
A2,2,1,3,0,0,0,73,288.5068493150685,692.3424657534247,9316.0,7085.671232876713,5158.0,284,685,294,700
A2,2,1,3,0,0,0,250,293.9,890.48,5400.0,4286.892,3049.0,286,881,303,901
A2,2,1,3,0,0,0,179,296.66480446927375,837.6648044692737,9570.0,6136.72625698324,3226.0,289,828,304,847
A2,2,1,3,0,0,0,129,301.16279069767444,399.93798449612405,5765.0,4386.449612403101,2598.0,293,395,310,406
A2,2,1,3,0,0,0,140,307.0,614.7571428571429,5197.0,3952.5214285714287,2363.0,298,610,317,620
A2,2,1,3,0,0,0,113,310.6106194690266,593.8230088495575,6002.0,4842.238938053098,3479.0,301,590,322,599
A2,2,1,3,0,0,0,183,315.10382513661204,290.8032786885246,6908.0,5666.349726775957,4074.0,306,285,325,298
A2,2,1,3,0,0,0,225,317.3688888888889,328.5111111111111,7767.0,5496.195555555556,3400.0,310,319,326,338
A2,2,1,3,0,0,0,158,321.10759493670884,383.253164556962,7586.0,6315.778481012659,4492.0,312,378,331,390
A2,2,1,3,0,0,0,108,317.8796296296296,171.55555555555554,7326.0,5476.768518518518,3857.0,313,166,324,179
A2,2,1,3,0,0,0,74,320.52702702702703,574.1216216216217,7812.0,6263.7972972972975,4312.0,314,571,329,579
A2,2,1,3,0,0,0,88,318.375,250.4318181818182,7418.0,5593.477272727273,3398.0,314,243,324,259
A2,2,1,3,0,0,0,70,327.3285714285714,505.8,8380.0,6888.1,4610.0,323,501,333,512
A2,2,1,3,0,0,0,145,331.22758620689655,181.94482758620688,5672.0,4327.68275862069,2940.0,324,175,339,189
A2,2,1,3,0,0,0,101,328.66336633663366,540.4554455445544,6133.0,5167.425742574257,4075.0,324,534,334,548
A2,2,1,3,0,0,0,97,329.03092783505156,802.0103092783505,6848.0,5588.783505154639,4555.0,324,796,335,809
A2,2,1,3,0,0,0,90,336.06666666666666,480.75555555555553,7645.0,6007.488888888889,4068.0,330,476,343,486
A2,2,1,3,0,0,0,65,336.5846153846154,349.95384615384614,8896.0,7182.738461538462,5043.0,332,346,343,355
A2,2,1,3,0,0,0,139,338.68345323741005,202.4388489208633,5355.0,4317.877697841726,2847.0,332,196,347,211
A2,2,1,3,0,0,0,110,339.73636363636365,450.73636363636365,8253.0,6355.745454545455,4392.0,333,446,347,457
A2,2,1,3,0,0,0,144,341.27777777777777,215.54166666666666,5065.0,4054.6458333333335,3070.0,334,209,350,223
A2,2,1,3,0,0,0,143,339.73426573426576,851.7132867132867,5065.0,4104.727272727273,2896.0,333,843,347,861
A2,2,1,3,0,0,0,124,344.4274193548387,123.2258064516129,6101.0,4962.362903225807,3543.0,336,119,354,129
A2,2,1,3,0,0,0,173,345.8208092485549,141.21387283236993,4972.0,3686.2947976878613,2118.0,337,135,356,148
A2,2,1,3,0,0,0,131,351.9236641221374,509.3358778625954,6007.0,4615.488549618321,2839.0,346,502,359,517
A2,2,1,3,0,0,0,145,353.46206896551723,842.3724137931034,4934.0,3929.0,3054.0,347,835,361,850
A2,2,1,3,0,0,0,98,356.265306122449,378.81632653061223,7644.0,5001.326530612245,3155.0,349,375,365,384
A2,2,1,3,0,0,0,159,356.1823899371069,408.3647798742138,4704.0,3740.817610062893,2548.0,349,401,364,416
A2,2,1,3,0,0,0,171,356.1111111111111,949.53216374269,6291.0,4634.830409356725,2762.0,349,943,365,958
A2,2,1,3,0,0,0,142,358.0,748.4577464788732,4282.0,3560.4859154929577,2510.0,351,741,366,756
A2,2,1,3,0,0,0,125,364.504,296.488,9418.0,7453.312,5344.0,358,290,372,304
A2,2,1,3,0,0,0,314,372.21337579617835,249.31210191082803,5028.0,3514.4490445859874,2581.0,360,241,385,258
A2,2,1,3,0,0,0,84,366.76190476190476,429.4166666666667,7311.0,6024.75,4868.0,360,426,374,434
A2,2,1,3,0,0,0,125,371.152,925.888,6094.0,4795.768,3420.0,364,921,379,932
A2,2,1,3,0,0,0,74,369.7837837837838,35.08108108108108,8405.0,6911.743243243243,5386.0,366,30,374,42
A2,2,1,3,0,0,0,80,372.6875,566.8,8591.0,5845.225,3019.0,367,563,380,572
A2,2,1,3,0,0,0,177,376.00564971751413,159.61016949152543,6993.0,5774.039548022599,4179.0,368,153,385,167
A2,2,1,3,0,0,0,161,375.6521739130435,469.30434782608694,5542.0,4099.621118012423,3032.0,369,462,384,477
A2,2,1,3,0,0,0,108,375.5740740740741,13.657407407407407,6441.0,4894.972222222223,3561.0,370,8,382,21
A2,2,1,3,0,0,0,85,381.16470588235296,896.0,6858.0,5625.294117647059,4585.0,374,892,389,901
A2,2,1,3,0,0,0,96,385.5625,535.5416666666666,6536.0,5223.989583333333,3619.0,378,532,394,541
A2,2,1,3,0,0,0,167,386.874251497006,192.46107784431138,4862.0,3845.2694610778444,2570.0,380,185,394,201
A2,2,1,3,0,0,0,113,389.34513274336285,69.070796460177,6161.0,4980.831858407079,3617.0,384,63,396,76
A2,2,1,3,0,0,0,147,389.3537414965986,705.6666666666666,4279.0,3615.2244897959185,2808.0,384,697,395,715
A2,2,1,3,0,0,0,145,395.9310344827586,931.2758620689655,5313.0,4262.744827586207,3032.0,388,926,405,938
A2,2,1,3,0,0,0,77,398.1948051948052,569.2207792207793,7680.0,6088.636363636364,4647.0,391,562,406,577
A2,2,1,3,0,0,0,118,397.8305084745763,856.0254237288135,5999.0,4391.135593220339,2788.0,391,850,406,863
A2,2,1,3,0,0,0,59,398.03389830508473,599.8135593220339,8237.0,7148.627118644068,5620.0,392,597,405,603
A2,2,1,3,0,0,0,100,403.14,523.0,7954.0,6416.74,4651.0,394,520,413,527
A2,2,1,3,0,0,0,159,406.1069182389937,349.9685534591195,11831.0,7002.691823899371,4115.0,396,343,418,359
A2,2,1,3,0,0,0,95,401.4526315789474,92.21052631578948,8783.0,6995.936842105263,3785.0,397,86,407,99
A2,2,1,3,0,0,0,89,410.5280898876405,305.44943820224717,7745.0,5679.38202247191,3990.0,405,301,417,311
A2,2,1,3,0,0,0,198,415.04040404040404,145.42424242424244,5822.0,4762.055555555556,3646.0,406,138,425,153
A2,2,1,3,0,0,0,311,416.8135048231511,211.38263665594855,3871.0,3036.372990353698,2420.0,406,202,428,221
A2,2,1,3,0,0,0,62,416.7741935483871,799.1129032258065,7942.0,6495.935483870968,5198.0,413,795,422,804
A2,2,1,3,0,0,0,92,421.0652173913044,666.7173913043479,7103.0,5976.79347826087,5107.0,416,661,427,673
A2,2,1,3,0,0,0,116,423.5603448275862,315.91379310344826,5797.0,4572.8448275862065,3365.0,417,310,432,322
A2,2,1,3,0,0,0,86,423.04651162790697,719.4302325581396,7348.0,5348.360465116279,3374.0,417,714,430,725
A2,2,1,3,0,0,0,134,425.06716417910445,270.03731343283584,8725.0,7286.164179104478,5751.0,419,262,432,279
A2,2,1,3,0,0,0,76,427.0263157894737,688.0,6994.0,5751.526315789473,4051.0,421,683,434,694
A2,2,1,3,0,0,0,122,432.58196721311475,491.9754098360656,4912.0,4086.6311475409834,3015.0,426,485,441,499
A2,2,1,3,0,0,0,127,431.7007874015748,427.70866141732284,5893.0,4470.692913385827,3519.0,427,420,437,437
A2,2,1,3,0,0,0,63,432.76190476190476,784.7936507936508,7850.0,6632.238095238095,5061.0,428,781,438,790
A2,2,1,3,0,0,0,13,431.0,302.3076923076923,5161.0,4668.307692307692,4166.0,430,300,433,305
A2,2,1,3,0,0,0,111,436.8918918918919,11.954954954954955,6094.0,5068.126126126126,4287.0,432,5,442,20
A2,2,1,3,0,0,0,81,442.7037037037037,340.5679012345679,8486.0,6316.2962962962965,3537.0,436,336,450,345
A2,2,1,3,0,0,0,70,445.5571428571429,665.0428571428571,8982.0,7059.842857142857,4901.0,439,660,452,671
A2,2,1,3,0,0,0,166,449.9156626506024,180.32530120481928,4702.0,3811.1506024096384,2840.0,441,174,459,187
A2,2,1,3,0,0,0,155,449.7225806451613,460.64516129032256,6129.0,4138.258064516129,2633.0,442,455,458,468
A2,2,1,3,0,0,0,104,447.50961538461536,910.4230769230769,5436.0,4666.567307692308,2657.0,442,905,454,917
A2,2,1,3,0,0,0,142,452.57042253521126,307.1267605633803,5540.0,3990.8028169014083,2456.0,446,300,460,315
A2,2,1,3,0,0,0,94,463.9148936170213,84.3936170212766,8904.0,6917.244680851064,5415.0,456,79,472,91
A2,2,1,3,0,0,0,153,465.83660130718954,551.1045751633987,8656.0,6544.385620915033,4074.0,457,544,475,559
A2,2,1,3,0,0,0,158,465.0632911392405,753.5189873417721,5232.0,3876.3164556962024,2571.0,458,747,474,761
A2,2,1,3,0,0,0,88,465.82954545454544,682.8636363636364,6364.0,4901.443181818182,3342.0,459,679,474,687
A2,2,1,3,0,0,0,73,464.8767123287671,586.931506849315,8642.0,7236.712328767123,5713.0,460,582,470,592
A2,2,1,3,0,0,0,103,466.68932038834953,276.09708737864077,6938.0,5480.650485436893,4102.0,461,271,473,282
A2,2,1,3,0,0,0,87,468.6551724137931,479.18390804597703,7573.0,5859.563218390805,4277.0,463,474,476,486
A2,2,1,3,0,0,0,90,470.3666666666667,110.14444444444445,7456.0,5821.444444444444,4270.0,464,105,479,116
A2,2,1,3,0,0,0,200,481.74,290.225,8062.0,6003.225,4158.0,472,284,492,297
A2,2,1,3,0,0,0,158,479.7911392405063,774.4430379746835,4940.0,3958.221518987342,3127.0,474,766,487,783
A2,2,1,3,0,0,0,177,488.7909604519774,346.94350282485874,7552.0,6101.994350282486,4671.0,480,341,499,354
A2,2,1,3,0,0,0,71,484.8732394366197,601.3661971830986,8764.0,7209.929577464789,5658.0,481,597,490,607
A2,2,1,3,0,0,0,115,488.37391304347824,133.98260869565217,6217.0,4852.773913043478,3278.0,483,128,494,141
A2,2,1,3,0,0,0,126,492.93650793650795,165.0,5502.0,4089.1507936507937,2794.0,486,159,501,171
A2,2,1,3,0,0,0,107,499.85981308411215,130.01869158878506,6458.0,5296.990654205608,4088.0,496,122,505,138
A2,2,1,3,0,0,0,188,503.31382978723406,445.0691489361702,3649.0,3102.021276595745,2158.0,496,437,512,453
A2,2,1,3,0,0,0,54,501.8333333333333,89.37037037037037,8830.0,7459.537037037037,4691.0,498,84,507,96
A2,2,1,3,0,0,0,188,508.72340425531917,875.6382978723404,4836.0,3535.340425531915,2080.0,499,869,519,883
A2,2,1,3,0,0,0,134,508.15671641791045,261.5149253731343,5172.0,4009.0746268656717,3020.0,500,257,518,268
A2,2,1,3,0,0,0,180,507.0777777777778,908.0222222222222,6937.0,5423.638888888889,3971.0,501,900,515,917
A2,2,1,3,0,0,0,139,518.0863309352518,223.3453237410072,8334.0,5489.956834532374,3916.0,511,218,527,230
A2,2,1,3,0,0,0,130,520.7307692307693,134.2076923076923,7757.0,5518.069230769231,2880.0,514,129,529,141
A2,2,1,3,0,0,0,99,520.6565656565657,706.4343434343434,6931.0,4963.242424242424,3285.0,514,701,528,713
A2,2,1,3,0,0,0,123,522.5040650406504,937.560975609756,5051.0,4088.8455284552847,2626.0,515,933,531,943
A2,2,1,3,0,0,0,137,523.6496350364963,812.0948905109489,7564.0,5885.014598540146,4137.0,519,803,530,822
A2,2,1,3,0,0,0,83,528.3012048192771,62.04819277108434,7041.0,5948.421686746988,4616.0,522,56,535,69
A2,2,1,3,0,0,0,142,532.2535211267606,584.9647887323944,5587.0,4444.183098591549,3089.0,525,578,541,592
A2,2,1,3,0,0,0,152,536.6513157894736,120.0592105263158,7374.0,5114.1776315789475,2952.0,530,113,544,128
A2,2,1,3,0,0,0,188,539.8829787234042,341.1595744680851,7641.0,5639.271276595745,3179.0,532,334,550,350
A2,2,1,3,0,0,0,76,537.3947368421053,354.9736842105263,5670.0,4751.368421052632,3621.0,532,351,544,361
A2,2,1,3,0,0,0,81,540.0123456790124,219.0,7981.0,6276.62962962963,4619.0,533,215,547,225
A2,2,1,3,0,0,0,154,542.7337662337662,243.12337662337663,5321.0,4175.584415584415,2724.0,533,238,553,249
A2,2,1,3,0,0,0,104,546.6057692307693,193.31730769230768,9096.0,7362.586538461538,5885.0,539,188,554,201
A2,2,1,3,0,0,0,171,551.0584795321637,742.7602339181286,3931.0,3277.2631578947367,2591.0,544,735,559,751
A2,2,1,3,0,0,0,147,550.2108843537414,427.3265306122449,5460.0,4116.231292517007,2954.0,546,418,556,438
A2,2,1,3,0,0,0,308,560.8149350649351,891.788961038961,10977.0,5864.211038961039,2507.0,548,876,571,907
A2,2,1,3,0,0,0,138,557.8115942028985,151.56521739130434,8139.0,6005.876811594203,3387.0,551,145,568,158
A2,2,1,3,0,0,0,138,560.6304347826087,63.31884057971015,5542.0,4600.413043478261,3517.0,555,55,568,71
A2,2,1,3,0,0,0,129,563.922480620155,666.1395348837209,10628.0,6563.038759689923,4539.0,558,658,571,674
A2,2,1,3,0,0,0,164,566.0975609756098,127.1829268292683,7757.0,5553.085365853659,3172.0,558,121,574,135
A2,2,1,3,0,0,0,238,570.2983193277311,577.8781512605042,5570.0,4129.865546218487,2583.0,560,571,581,587
A2,2,1,3,0,0,0,131,571.2519083969465,515.1145038167939,9833.0,7406.6488549618325,4415.0,566,506,578,524
A2,2,1,3,0,0,0,131,574.5419847328244,681.3816793893129,4737.0,3739.7786259541986,2461.0,567,676,583,688
A2,2,1,3,0,0,0,97,575.1855670103092,277.0103092783505,6116.0,4966.041237113402,3421.0,571,271,581,284
A2,2,1,3,0,0,0,202,578.7475247524752,386.7722772277228,6131.0,4482.6138613861385,2858.0,571,378,587,397
A2,2,1,3,0,0,0,131,588.3282442748092,866.9007633587786,4341.0,3401.557251908397,2278.0,584,858,594,877
A2,2,1,3,0,0,0,98,585.5408163265306,967.8775510204082,6944.0,5171.693877551021,2947.0,583,959,590,978
A2,2,1,3,0,0,0,54,587.8703703703703,161.77777777777777,9640.0,6967.388888888889,5078.0,584,157,593,167
A2,2,1,3,0,0,0,82,591.9878048780488,73.0,10251.0,7778.40243902439,5475.0,588,67,597,80
A2,2,1,3,0,0,0,118,593.9322033898305,314.3813559322034,5761.0,4105.237288135593,2451.0,588,309,601,322
A2,2,1,3,0,0,0,262,599.0725190839695,431.4732824427481,5631.0,4015.9274809160306,2468.0,592,420,607,444
A2,2,1,3,0,0,0,108,603.4166666666666,634.2222222222222,5155.0,4459.518518518518,3164.0,597,629,611,640
A2,2,1,3,0,0,0,92,602.8695652173913,286.82608695652175,7011.0,5603.054347826087,3879.0,599,281,608,294
A2,2,1,3,0,0,0,183,609.0437158469946,546.0601092896175,4711.0,3999.792349726776,3172.0,600,540,619,553
A2,2,1,3,0,0,0,169,618.3550295857988,357.7455621301775,4982.0,3572.9881656804732,2235.0,611,350,627,365
A2,2,1,3,0,0,0,144,619.4791666666666,593.3611111111111,4835.0,3473.8263888888887,2501.0,613,586,627,602
A2,2,1,3,0,0,0,97,623.3505154639175,416.2061855670103,6824.0,5021.412371134021,3244.0,618,411,630,423
A2,2,1,3,0,0,0,125,622.6,820.648,6129.0,4577.96,3243.0,619,811,627,831
A2,2,1,3,0,0,0,47,623.1063829787234,374.93617021276594,4201.0,3325.595744680851,2894.0,620,371,627,380
A2,2,1,3,0,0,0,172,625.4651162790698,754.1220930232558,7840.0,5905.331395348837,4027.0,620,744,632,764
A2,2,1,3,0,0,0,232,634.9008620689655,235.42241379310346,5516.0,3701.0560344827586,1492.0,628,222,643,246
A2,2,1,3,0,0,0,143,636.2027972027972,879.034965034965,5745.0,4261.944055944056,3150.0,628,874,646,886
A2,2,1,3,0,0,0,160,640.56875,44.35,4846.0,3590.125,2547.0,632,39,650,51
A2,2,1,3,0,0,0,105,638.6095238095238,312.9142857142857,5888.0,4494.8190476190475,2985.0,632,307,646,320
A2,2,1,3,0,0,0,124,639.7177419354839,344.14516129032256,5118.0,4231.346774193548,2954.0,635,337,646,352
A2,2,1,3,0,0,0,142,643.1760563380282,905.4084507042254,5887.0,4634.887323943662,2716.0,634,901,654,912
A2,2,1,3,0,0,0,90,643.8111111111111,627.9333333333333,6860.0,5150.477777777778,3140.0,640,619,648,637
A2,2,1,3,0,0,0,91,645.7252747252747,654.1758241758242,6372.0,5379.0989010989015,4211.0,642,647,651,662
A2,2,1,3,0,0,0,88,651.5113636363636,127.57954545454545,6270.0,5170.852272727273,4183.0,645,120,659,135
A2,2,1,3,0,0,0,259,662.8378378378378,84.67567567567568,5079.0,4113.382239382239,3051.0,652,77,675,92
A2,2,1,3,0,0,0,222,662.8828828828829,592.6126126126126,4698.0,3288.765765765766,2007.0,654,584,672,603
A2,2,1,3,0,0,0,115,665.8782608695652,713.2347826086957,6857.0,5421.808695652174,4119.0,658,709,676,719
A2,2,1,3,0,0,0,107,669.5420560747664,761.8130841121496,8978.0,7235.457943925234,4086.0,662,758,678,767
A2,2,1,3,0,0,0,127,668.5275590551181,871.1181102362204,6932.0,5408.566929133858,3098.0,663,862,676,879
A2,2,1,3,0,0,0,147,675.1768707482993,544.9319727891157,5885.0,4397.210884353742,2225.0,664,540,684,552
A2,2,1,3,0,0,0,51,682.1960784313726,490.03921568627453,8474.0,7620.529411764706,6411.0,678,483,687,498
A2,2,1,3,0,0,0,241,689.3651452282157,646.49377593361,4523.0,3465.605809128631,2247.0,679,637,700,657
A2,2,1,3,0,0,0,90,688.1444444444444,687.3777777777777,7038.0,5505.222222222223,3694.0,683,683,695,693
A2,2,1,3,0,0,0,39,693.3846153846154,437.2564102564103,9369.0,8149.948717948718,7182.0,688,432,699,443
A2,2,1,3,0,0,0,52,698.2692307692307,705.1346153846154,8692.0,6890.942307692308,4326.0,694,701,703,711
